=== REQUEST ===
Time: 2026-08-14T00:55:15.376088100
Method:
POST

Url:
https://api.mapbox.com/datasets/v1/mihaiqtr15?access_token=

path:
/datasets/v1/mihaiqtr15

access-token:


query-params:
{access_token=}

Body:
{"name":"Dataset 1985","description":"Generated by DataSeeder"}

=== RESPONSE ===
Status Code:
401

Body:
{
    "message": "Not Authorized",
    "error_detail": "Direct access not allowed"
}

---------------------------------------------------
=== REQUEST ===
Time: 2026-08-14T00:55:15.387092500
Method:
POST

Url:
https://api.mapbox.com/datasets/v1/mihaiqtr15?access_token=

path:
/datasets/v1/mihaiqtr15

access-token:


query-params:
{access_token=}

Body:
{"name":"Dataset 3643","description":"Generated by DataSeeder"}

=== RESPONSE ===
Status Code:
401

Body:
{
    "message": "Not Authorized",
    "error_detail": "Direct access not allowed"
}

---------------------------------------------------
=== REQUEST ===
Time: 2026-08-14T00:55:15.397088300
Method:
POST

Url:
https://api.mapbox.com/datasets/v1/mihaiqtr15?access_token=

path:
/datasets/v1/mihaiqtr15

access-token:


query-params:
{access_token=}

Body:
{"name":"Dataset 1020","description":"Generated by DataSeeder"}

=== RESPONSE ===
Status Code:
401

Body:
{
    "message": "Not Authorized",
    "error_detail": "Direct access not allowed"
}

---------------------------------------------------
=== REQUEST ===
Time: 2026-08-14T00:55:15.401085200
Method:
POST

Url:
https://api.mapbox.com/datasets/v1/mihaiqtr15?access_token=

path:
/datasets/v1/mihaiqtr15

access-token:


query-params:
{access_token=}

Body:
{"name":"Dataset 6464","description":"Generated by DataSeeder"}

=== RESPONSE ===
Status Code:
401

Body:
{
    "message": "Not Authorized",
    "error_detail": "Direct access not allowed"
}

---------------------------------------------------
=== REQUEST ===
Time: 2026-08-14T00:55:15.401085200
Method:
POST

Url:
https://api.mapbox.com/datasets/v1/mihaiqtr15?access_token=

path:
/datasets/v1/mihaiqtr15

access-token:


query-params:
{access_token=}

Body:
{"name":"Dataset 4711","description":"Generated by DataSeeder"}

=== RESPONSE ===
Status Code:
401

Body:
{
    "message": "Not Authorized",
    "error_detail": "Direct access not allowed"
}

---------------------------------------------------
=== REQUEST ===
Time: 2026-08-14T00:56:35.421282900
Method:
POST

Url:
https://api.mapbox.com/datasets/v1/mihaiqtr15?access_token=sk.eyJ1IjoibWloYWlxdHIxNSIsImEiOiJjbXNzMXI2eGswNWIyMnlxdXZleHQ4dmg4In0.ZzBaTBpQm7M3uiZzMf3Vo

path:
/datasets/v1/mihaiqtr15

access-token:
sk.eyJ1IjoibWloYWlxdHIxNSIsImEiOiJjbXNzMXI2eGswNWIyMnlxdXZleHQ4dmg4In0.ZzBaTBpQm7M3uiZzMf3Vo

query-params:
{access_token=sk.eyJ1IjoibWloYWlxdHIxNSIsImEiOiJjbXNzMXI2eGswNWIyMnlxdXZleHQ4dmg4In0.ZzBaTBpQm7M3uiZzMf3Vo}

Body:
{"name":"Dataset 2531","description":"Generated by DataSeeder"}

=== RESPONSE ===
Status Code:
401

Body:
{
    "message": "Not Authorized - Invalid Token"
}

---------------------------------------------------
=== REQUEST ===
Time: 2026-08-14T00:56:35.422278600
Method:
POST

Url:
https://api.mapbox.com/datasets/v1/mihaiqtr15?access_token=sk.eyJ1IjoibWloYWlxdHIxNSIsImEiOiJjbXNzMXI2eGswNWIyMnlxdXZleHQ4dmg4In0.ZzBaTBpQm7M3uiZzMf3Vo

path:
/datasets/v1/mihaiqtr15

access-token:
sk.eyJ1IjoibWloYWlxdHIxNSIsImEiOiJjbXNzMXI2eGswNWIyMnlxdXZleHQ4dmg4In0.ZzBaTBpQm7M3uiZzMf3Vo

query-params:
{access_token=sk.eyJ1IjoibWloYWlxdHIxNSIsImEiOiJjbXNzMXI2eGswNWIyMnlxdXZleHQ4dmg4In0.ZzBaTBpQm7M3uiZzMf3Vo}

Body:
{"name":"Dataset 4202","description":"Generated by DataSeeder"}

=== RESPONSE ===
Status Code:
401

Body:
{
    "message": "Not Authorized - Invalid Token"
}

---------------------------------------------------
=== REQUEST ===
Time: 2026-08-14T00:56:35.424292100
Method:
POST

Url:
https://api.mapbox.com/datasets/v1/mihaiqtr15?access_token=sk.eyJ1IjoibWloYWlxdHIxNSIsImEiOiJjbXNzMXI2eGswNWIyMnlxdXZleHQ4dmg4In0.ZzBaTBpQm7M3uiZzMf3Vo

path:
/datasets/v1/mihaiqtr15

access-token:
sk.eyJ1IjoibWloYWlxdHIxNSIsImEiOiJjbXNzMXI2eGswNWIyMnlxdXZleHQ4dmg4In0.ZzBaTBpQm7M3uiZzMf3Vo

query-params:
{access_token=sk.eyJ1IjoibWloYWlxdHIxNSIsImEiOiJjbXNzMXI2eGswNWIyMnlxdXZleHQ4dmg4In0.ZzBaTBpQm7M3uiZzMf3Vo}

Body:
{"name":"Dataset 7301","description":"Generated by DataSeeder"}

=== RESPONSE ===
Status Code:
401

Body:
{
    "message": "Not Authorized - Invalid Token"
}

---------------------------------------------------
=== REQUEST ===
Time: 2026-08-14T00:56:35.421282900
Method:
POST

Url:
https://api.mapbox.com/datasets/v1/mihaiqtr15?access_token=sk.eyJ1IjoibWloYWlxdHIxNSIsImEiOiJjbXNzMXI2eGswNWIyMnlxdXZleHQ4dmg4In0.ZzBaTBpQm7M3uiZzMf3Vo

path:
/datasets/v1/mihaiqtr15

access-token:
sk.eyJ1IjoibWloYWlxdHIxNSIsImEiOiJjbXNzMXI2eGswNWIyMnlxdXZleHQ4dmg4In0.ZzBaTBpQm7M3uiZzMf3Vo

query-params:
{access_token=sk.eyJ1IjoibWloYWlxdHIxNSIsImEiOiJjbXNzMXI2eGswNWIyMnlxdXZleHQ4dmg4In0.ZzBaTBpQm7M3uiZzMf3Vo}

Body:
{"name":"Dataset 7273","description":"Generated by DataSeeder"}

=== RESPONSE ===
Status Code:
401

Body:
{
    "message": "Not Authorized - Invalid Token"
}

---------------------------------------------------
=== REQUEST ===
Time: 2026-08-14T00:56:35.421282900
Method:
POST

Url:
https://api.mapbox.com/datasets/v1/mihaiqtr15?access_token=sk.eyJ1IjoibWloYWlxdHIxNSIsImEiOiJjbXNzMXI2eGswNWIyMnlxdXZleHQ4dmg4In0.ZzBaTBpQm7M3uiZzMf3Vo

path:
/datasets/v1/mihaiqtr15

access-token:
sk.eyJ1IjoibWloYWlxdHIxNSIsImEiOiJjbXNzMXI2eGswNWIyMnlxdXZleHQ4dmg4In0.ZzBaTBpQm7M3uiZzMf3Vo

query-params:
{access_token=sk.eyJ1IjoibWloYWlxdHIxNSIsImEiOiJjbXNzMXI2eGswNWIyMnlxdXZleHQ4dmg4In0.ZzBaTBpQm7M3uiZzMf3Vo}

Body:
{"name":"Dataset 8516","description":"Generated by DataSeeder"}

=== RESPONSE ===
Status Code:
401

Body:
{
    "message": "Not Authorized - Invalid Token"
}

---------------------------------------------------
=== REQUEST ===
Time: 2026-08-14T00:58:09.975148800
Method:
POST

Url:
https://api.mapbox.com/datasets/v1/mihaiqtr15?access_token=sk.eyJ1IjoibWloYWlxdHIxNSIsImEiOiJjbXNzMXI2eGswNWIyMnlxdXZleHQ4dmg4In0.ZzBaTBpQm7M3uiZzMf3Vo

path:
/datasets/v1/mihaiqtr15

access-token:
sk.eyJ1IjoibWloYWlxdHIxNSIsImEiOiJjbXNzMXI2eGswNWIyMnlxdXZleHQ4dmg4In0.ZzBaTBpQm7M3uiZzMf3Vo

query-params:
{access_token=sk.eyJ1IjoibWloYWlxdHIxNSIsImEiOiJjbXNzMXI2eGswNWIyMnlxdXZleHQ4dmg4In0.ZzBaTBpQm7M3uiZzMf3Vo}

Body:
{"name":"Dataset 5729","description":"Generated by DataSeeder"}

=== RESPONSE ===
Status Code:
401

Body:
{
    "message": "Not Authorized - Invalid Token"
}

---------------------------------------------------
=== REQUEST ===
Time: 2026-08-14T00:58:09.987152600
Method:
POST

Url:
https://api.mapbox.com/datasets/v1/mihaiqtr15?access_token=sk.eyJ1IjoibWloYWlxdHIxNSIsImEiOiJjbXNzMXI2eGswNWIyMnlxdXZleHQ4dmg4In0.ZzBaTBpQm7M3uiZzMf3Vo

path:
/datasets/v1/mihaiqtr15

access-token:
sk.eyJ1IjoibWloYWlxdHIxNSIsImEiOiJjbXNzMXI2eGswNWIyMnlxdXZleHQ4dmg4In0.ZzBaTBpQm7M3uiZzMf3Vo

query-params:
{access_token=sk.eyJ1IjoibWloYWlxdHIxNSIsImEiOiJjbXNzMXI2eGswNWIyMnlxdXZleHQ4dmg4In0.ZzBaTBpQm7M3uiZzMf3Vo}

Body:
{"name":"Dataset 5854","description":"Generated by DataSeeder"}

=== RESPONSE ===
Status Code:
401

Body:
{
    "message": "Not Authorized - Invalid Token"
}

---------------------------------------------------
=== REQUEST ===
Time: 2026-08-14T00:58:09.997155400
Method:
POST

Url:
https://api.mapbox.com/datasets/v1/mihaiqtr15?access_token=sk.eyJ1IjoibWloYWlxdHIxNSIsImEiOiJjbXNzMXI2eGswNWIyMnlxdXZleHQ4dmg4In0.ZzBaTBpQm7M3uiZzMf3Vo

path:
/datasets/v1/mihaiqtr15

access-token:
sk.eyJ1IjoibWloYWlxdHIxNSIsImEiOiJjbXNzMXI2eGswNWIyMnlxdXZleHQ4dmg4In0.ZzBaTBpQm7M3uiZzMf3Vo

query-params:
{access_token=sk.eyJ1IjoibWloYWlxdHIxNSIsImEiOiJjbXNzMXI2eGswNWIyMnlxdXZleHQ4dmg4In0.ZzBaTBpQm7M3uiZzMf3Vo}

Body:
{"name":"Dataset 5566","description":"Generated by DataSeeder"}

=== RESPONSE ===
Status Code:
401

Body:
{
    "message": "Not Authorized - Invalid Token"
}

---------------------------------------------------
=== REQUEST ===
Time: 2026-08-14T00:58:10.009151400
Method:
POST

Url:
https://api.mapbox.com/datasets/v1/mihaiqtr15?access_token=sk.eyJ1IjoibWloYWlxdHIxNSIsImEiOiJjbXNzMXI2eGswNWIyMnlxdXZleHQ4dmg4In0.ZzBaTBpQm7M3uiZzMf3Vo

path:
/datasets/v1/mihaiqtr15

access-token:
sk.eyJ1IjoibWloYWlxdHIxNSIsImEiOiJjbXNzMXI2eGswNWIyMnlxdXZleHQ4dmg4In0.ZzBaTBpQm7M3uiZzMf3Vo

query-params:
{access_token=sk.eyJ1IjoibWloYWlxdHIxNSIsImEiOiJjbXNzMXI2eGswNWIyMnlxdXZleHQ4dmg4In0.ZzBaTBpQm7M3uiZzMf3Vo}

Body:
{"name":"Dataset 4448","description":"Generated by DataSeeder"}

=== RESPONSE ===
Status Code:
401

Body:
{
    "message": "Not Authorized - Invalid Token"
}

---------------------------------------------------
=== REQUEST ===
Time: 2026-08-14T00:58:10.111154600
Method:
POST

Url:
https://api.mapbox.com/datasets/v1/mihaiqtr15?access_token=sk.eyJ1IjoibWloYWlxdHIxNSIsImEiOiJjbXNzMXI2eGswNWIyMnlxdXZleHQ4dmg4In0.ZzBaTBpQm7M3uiZzMf3Vo

path:
/datasets/v1/mihaiqtr15

access-token:
sk.eyJ1IjoibWloYWlxdHIxNSIsImEiOiJjbXNzMXI2eGswNWIyMnlxdXZleHQ4dmg4In0.ZzBaTBpQm7M3uiZzMf3Vo

query-params:
{access_token=sk.eyJ1IjoibWloYWlxdHIxNSIsImEiOiJjbXNzMXI2eGswNWIyMnlxdXZleHQ4dmg4In0.ZzBaTBpQm7M3uiZzMf3Vo}

Body:
{"name":"Dataset 0459","description":"Generated by DataSeeder"}

=== RESPONSE ===
Status Code:
401

Body:
{
    "message": "Not Authorized - Invalid Token"
}

---------------------------------------------------
=== REQUEST ===
Time: 2026-08-14T00:58:51.586108300
Method:
POST

Url:
https://api.mapbox.com/datasets/v1/mihaiqtr15?access_token=sk.eyJ1IjoibWloYWlxdHIxNSIsImEiOiJjbXNzMXI2eGswNWIyMnlxdXZleHQ4dmg4In0.ZzBaTBpQm7M3uiZzMf3Vo

path:
/datasets/v1/mihaiqtr15

access-token:
sk.eyJ1IjoibWloYWlxdHIxNSIsImEiOiJjbXNzMXI2eGswNWIyMnlxdXZleHQ4dmg4In0.ZzBaTBpQm7M3uiZzMf3Vo

query-params:
{access_token=sk.eyJ1IjoibWloYWlxdHIxNSIsImEiOiJjbXNzMXI2eGswNWIyMnlxdXZleHQ4dmg4In0.ZzBaTBpQm7M3uiZzMf3Vo}

Body:
{"name":"Dataset 1382","description":"Generated by DataSeeder"}

=== RESPONSE ===
Status Code:
401

Body:
{
    "message": "Not Authorized - Invalid Token"
}

---------------------------------------------------
=== REQUEST ===
Time: 2026-08-14T00:58:51.589105900
Method:
POST

Url:
https://api.mapbox.com/datasets/v1/mihaiqtr15?access_token=sk.eyJ1IjoibWloYWlxdHIxNSIsImEiOiJjbXNzMXI2eGswNWIyMnlxdXZleHQ4dmg4In0.ZzBaTBpQm7M3uiZzMf3Vo

path:
/datasets/v1/mihaiqtr15

access-token:
sk.eyJ1IjoibWloYWlxdHIxNSIsImEiOiJjbXNzMXI2eGswNWIyMnlxdXZleHQ4dmg4In0.ZzBaTBpQm7M3uiZzMf3Vo

query-params:
{access_token=sk.eyJ1IjoibWloYWlxdHIxNSIsImEiOiJjbXNzMXI2eGswNWIyMnlxdXZleHQ4dmg4In0.ZzBaTBpQm7M3uiZzMf3Vo}

Body:
{"name":"Dataset 5374","description":"Generated by DataSeeder"}

=== RESPONSE ===
Status Code:
401

Body:
{
    "message": "Not Authorized - Invalid Token"
}

---------------------------------------------------
=== REQUEST ===
Time: 2026-08-14T00:58:51.587104700
Method:
POST

Url:
https://api.mapbox.com/datasets/v1/mihaiqtr15?access_token=sk.eyJ1IjoibWloYWlxdHIxNSIsImEiOiJjbXNzMXI2eGswNWIyMnlxdXZleHQ4dmg4In0.ZzBaTBpQm7M3uiZzMf3Vo

path:
/datasets/v1/mihaiqtr15

access-token:
sk.eyJ1IjoibWloYWlxdHIxNSIsImEiOiJjbXNzMXI2eGswNWIyMnlxdXZleHQ4dmg4In0.ZzBaTBpQm7M3uiZzMf3Vo

query-params:
{access_token=sk.eyJ1IjoibWloYWlxdHIxNSIsImEiOiJjbXNzMXI2eGswNWIyMnlxdXZleHQ4dmg4In0.ZzBaTBpQm7M3uiZzMf3Vo}

Body:
{"name":"Dataset 3174","description":"Generated by DataSeeder"}

=== RESPONSE ===
Status Code:
401

Body:
{
    "message": "Not Authorized - Invalid Token"
}

---------------------------------------------------
=== REQUEST ===
Time: 2026-08-14T00:58:51.587104700
Method:
POST

Url:
https://api.mapbox.com/datasets/v1/mihaiqtr15?access_token=sk.eyJ1IjoibWloYWlxdHIxNSIsImEiOiJjbXNzMXI2eGswNWIyMnlxdXZleHQ4dmg4In0.ZzBaTBpQm7M3uiZzMf3Vo

path:
/datasets/v1/mihaiqtr15

access-token:
sk.eyJ1IjoibWloYWlxdHIxNSIsImEiOiJjbXNzMXI2eGswNWIyMnlxdXZleHQ4dmg4In0.ZzBaTBpQm7M3uiZzMf3Vo

query-params:
{access_token=sk.eyJ1IjoibWloYWlxdHIxNSIsImEiOiJjbXNzMXI2eGswNWIyMnlxdXZleHQ4dmg4In0.ZzBaTBpQm7M3uiZzMf3Vo}

Body:
{"name":"Dataset 2761","description":"Generated by DataSeeder"}

=== RESPONSE ===
Status Code:
401

Body:
{
    "message": "Not Authorized - Invalid Token"
}

---------------------------------------------------
=== REQUEST ===
Time: 2026-08-14T00:58:51.642108500
Method:
POST

Url:
https://api.mapbox.com/datasets/v1/mihaiqtr15?access_token=sk.eyJ1IjoibWloYWlxdHIxNSIsImEiOiJjbXNzMXI2eGswNWIyMnlxdXZleHQ4dmg4In0.ZzBaTBpQm7M3uiZzMf3Vo

path:
/datasets/v1/mihaiqtr15

access-token:
sk.eyJ1IjoibWloYWlxdHIxNSIsImEiOiJjbXNzMXI2eGswNWIyMnlxdXZleHQ4dmg4In0.ZzBaTBpQm7M3uiZzMf3Vo

query-params:
{access_token=sk.eyJ1IjoibWloYWlxdHIxNSIsImEiOiJjbXNzMXI2eGswNWIyMnlxdXZleHQ4dmg4In0.ZzBaTBpQm7M3uiZzMf3Vo}

Body:
{"name":"Dataset 7373","description":"Generated by DataSeeder"}

=== RESPONSE ===
Status Code:
401

Body:
{
    "message": "Not Authorized - Invalid Token"
}

---------------------------------------------------
=== REQUEST ===
Time: 2026-08-14T01:00:03.439000600
Method:
POST

Url:
https://api.mapbox.com/datasets/v1/mihaiqtr15?access_token=sk.eyJ1IjoibWloYWlxdHIxNSIsImEiOiJjbXNzMXI2eGswNWIyMnlxdXZleHQ4dmg4In0.ZzBaTBpQm7M3uiZzMf3VoA

path:
/datasets/v1/mihaiqtr15

access-token:
sk.eyJ1IjoibWloYWlxdHIxNSIsImEiOiJjbXNzMXI2eGswNWIyMnlxdXZleHQ4dmg4In0.ZzBaTBpQm7M3uiZzMf3VoA

query-params:
{access_token=sk.eyJ1IjoibWloYWlxdHIxNSIsImEiOiJjbXNzMXI2eGswNWIyMnlxdXZleHQ4dmg4In0.ZzBaTBpQm7M3uiZzMf3VoA}

Body:
{"name":"Dataset 3143","description":"Generated by DataSeeder"}

=== RESPONSE ===
Status Code:
200

Body:
{
    "owner": "mihaiqtr15",
    "id": "cmss2a6te0icg1mqw3vb4q3d4",
    "name": "Dataset 3143",
    "description": "Generated by DataSeeder",
    "created": "2026-08-13T22:00:03.087Z",
    "modified": "2026-08-13T22:00:03.087Z",
    "features": 0,
    "size": 0,
    "bounds": [
        0,
        0,
        0,
        0
    ]
}

---------------------------------------------------
=== REQUEST ===
Time: 2026-08-14T01:00:03.442010800
Method:
POST

Url:
https://api.mapbox.com/datasets/v1/mihaiqtr15?access_token=sk.eyJ1IjoibWloYWlxdHIxNSIsImEiOiJjbXNzMXI2eGswNWIyMnlxdXZleHQ4dmg4In0.ZzBaTBpQm7M3uiZzMf3VoA

path:
/datasets/v1/mihaiqtr15

access-token:
sk.eyJ1IjoibWloYWlxdHIxNSIsImEiOiJjbXNzMXI2eGswNWIyMnlxdXZleHQ4dmg4In0.ZzBaTBpQm7M3uiZzMf3VoA

query-params:
{access_token=sk.eyJ1IjoibWloYWlxdHIxNSIsImEiOiJjbXNzMXI2eGswNWIyMnlxdXZleHQ4dmg4In0.ZzBaTBpQm7M3uiZzMf3VoA}

Body:
{"name":"Dataset 7222","description":"Generated by DataSeeder"}

=== RESPONSE ===
Status Code:
200

Body:
{
    "owner": "mihaiqtr15",
    "id": "cmss2a6smdzqf1nlgf0ntijvs",
    "name": "Dataset 7222",
    "description": "Generated by DataSeeder",
    "created": "2026-08-13T22:00:03.072Z",
    "modified": "2026-08-13T22:00:03.072Z",
    "features": 0,
    "size": 0,
    "bounds": [
        0,
        0,
        0,
        0
    ]
}

---------------------------------------------------
=== REQUEST ===
Time: 2026-08-14T01:00:03.455006800
Method:
POST

Url:
https://api.mapbox.com/datasets/v1/mihaiqtr15?access_token=sk.eyJ1IjoibWloYWlxdHIxNSIsImEiOiJjbXNzMXI2eGswNWIyMnlxdXZleHQ4dmg4In0.ZzBaTBpQm7M3uiZzMf3VoA

path:
/datasets/v1/mihaiqtr15

access-token:
sk.eyJ1IjoibWloYWlxdHIxNSIsImEiOiJjbXNzMXI2eGswNWIyMnlxdXZleHQ4dmg4In0.ZzBaTBpQm7M3uiZzMf3VoA

query-params:
{access_token=sk.eyJ1IjoibWloYWlxdHIxNSIsImEiOiJjbXNzMXI2eGswNWIyMnlxdXZleHQ4dmg4In0.ZzBaTBpQm7M3uiZzMf3VoA}

Body:
{"name":"Dataset 8180","description":"Generated by DataSeeder"}

=== RESPONSE ===
Status Code:
200

Body:
{
    "owner": "mihaiqtr15",
    "id": "cmss2a6the25h1mp79y7n79y0",
    "name": "Dataset 8180",
    "description": "Generated by DataSeeder",
    "created": "2026-08-13T22:00:03.091Z",
    "modified": "2026-08-13T22:00:03.091Z",
    "features": 0,
    "size": 0,
    "bounds": [
        0,
        0,
        0,
        0
    ]
}

---------------------------------------------------
=== REQUEST ===
Time: 2026-08-14T01:00:03.459003200
Method:
POST

Url:
https://api.mapbox.com/datasets/v1/mihaiqtr15?access_token=sk.eyJ1IjoibWloYWlxdHIxNSIsImEiOiJjbXNzMXI2eGswNWIyMnlxdXZleHQ4dmg4In0.ZzBaTBpQm7M3uiZzMf3VoA

path:
/datasets/v1/mihaiqtr15

access-token:
sk.eyJ1IjoibWloYWlxdHIxNSIsImEiOiJjbXNzMXI2eGswNWIyMnlxdXZleHQ4dmg4In0.ZzBaTBpQm7M3uiZzMf3VoA

query-params:
{access_token=sk.eyJ1IjoibWloYWlxdHIxNSIsImEiOiJjbXNzMXI2eGswNWIyMnlxdXZleHQ4dmg4In0.ZzBaTBpQm7M3uiZzMf3VoA}

Body:
{"name":"Dataset 8762","description":"Generated by DataSeeder"}

=== RESPONSE ===
Status Code:
200

Body:
{
    "owner": "mihaiqtr15",
    "id": "cmss2a6swe0sr1olhzp6xy9o6",
    "name": "Dataset 8762",
    "description": "Generated by DataSeeder",
    "created": "2026-08-13T22:00:03.074Z",
    "modified": "2026-08-13T22:00:03.074Z",
    "features": 0,
    "size": 0,
    "bounds": [
        0,
        0,
        0,
        0
    ]
}

---------------------------------------------------
=== REQUEST ===
Time: 2026-08-14T01:00:03.460004900
Method:
POST

Url:
https://api.mapbox.com/datasets/v1/mihaiqtr15?access_token=sk.eyJ1IjoibWloYWlxdHIxNSIsImEiOiJjbXNzMXI2eGswNWIyMnlxdXZleHQ4dmg4In0.ZzBaTBpQm7M3uiZzMf3VoA

path:
/datasets/v1/mihaiqtr15

access-token:
sk.eyJ1IjoibWloYWlxdHIxNSIsImEiOiJjbXNzMXI2eGswNWIyMnlxdXZleHQ4dmg4In0.ZzBaTBpQm7M3uiZzMf3VoA

query-params:
{access_token=sk.eyJ1IjoibWloYWlxdHIxNSIsImEiOiJjbXNzMXI2eGswNWIyMnlxdXZleHQ4dmg4In0.ZzBaTBpQm7M3uiZzMf3VoA}

Body:
{"name":"Dataset 1687","description":"Generated by DataSeeder"}

=== RESPONSE ===
Status Code:
200

Body:
{
    "owner": "mihaiqtr15",
    "id": "cmss2a6sw06vn1ppivmotkpwd",
    "name": "Dataset 1687",
    "description": "Generated by DataSeeder",
    "created": "2026-08-13T22:00:03.074Z",
    "modified": "2026-08-13T22:00:03.074Z",
    "features": 0,
    "size": 0,
    "bounds": [
        0,
        0,
        0,
        0
    ]
}

---------------------------------------------------
=== REQUEST ===
Time: 2026-08-14T01:00:04.604952900
Method:
PATCH

Url:
https://api.mapbox.com/datasets/v1/mihaiqtr15/cmss2a6smdzqf1nlgf0ntijvs?access_token=sk.eyJ1IjoibWloYWlxdHIxNSIsImEiOiJjbXNzMXI2eGswNWIyMnlxdXZleHQ4dmg4In0.ZzBaTBpQm7M3uiZzMf3VoA

path:
/datasets/v1/mihaiqtr15/cmss2a6smdzqf1nlgf0ntijvs

access-token:
sk.eyJ1IjoibWloYWlxdHIxNSIsImEiOiJjbXNzMXI2eGswNWIyMnlxdXZleHQ4dmg4In0.ZzBaTBpQm7M3uiZzMf3VoA

query-params:
{access_token=sk.eyJ1IjoibWloYWlxdHIxNSIsImEiOiJjbXNzMXI2eGswNWIyMnlxdXZleHQ4dmg4In0.ZzBaTBpQm7M3uiZzMf3VoA}

Body:
{"name":"Patched Dataset Name","description":"Patched description"}

=== RESPONSE ===
Status Code:
200

Body:
{
    "owner": "mihaiqtr15",
    "id": "cmss2a6smdzqf1nlgf0ntijvs",
    "name": "Patched Dataset Name",
    "description": "Patched description",
    "created": "2026-08-13T22:00:03.072Z",
    "modified": "2026-08-13T22:00:04.300Z",
    "features": 0,
    "size": 0,
    "bounds": [
        0,
        0,
        0,
        0
    ]
}

---------------------------------------------------
=== REQUEST ===
Time: 2026-08-14T01:00:04.916955500
Method:
PUT

Url:
https://api.mapbox.com/datasets/v1/mihaiqtr15/cmss2a6te0icg1mqw3vb4q3d4/features/feature-to-update?access_token=sk.eyJ1IjoibWloYWlxdHIxNSIsImEiOiJjbXNzMXI2eGswNWIyMnlxdXZleHQ4dmg4In0.ZzBaTBpQm7M3uiZzMf3VoA

path:
/datasets/v1/mihaiqtr15/cmss2a6te0icg1mqw3vb4q3d4/features/feature-to-update

access-token:
sk.eyJ1IjoibWloYWlxdHIxNSIsImEiOiJjbXNzMXI2eGswNWIyMnlxdXZleHQ4dmg4In0.ZzBaTBpQm7M3uiZzMf3VoA

query-params:
{access_token=sk.eyJ1IjoibWloYWlxdHIxNSIsImEiOiJjbXNzMXI2eGswNWIyMnlxdXZleHQ4dmg4In0.ZzBaTBpQm7M3uiZzMf3VoA}

Body:
{"id":"feature-to-update","type":"Feature","geometry":{"type":"Point","coordinates":[-86.680761,-14.448358]},"properties":{"name":"East Lawrencefort"}}

=== RESPONSE ===
Status Code:
200

Body:
{
    "type": "Feature",
    "properties": {
        "name": "East Lawrencefort"
    },
    "geometry": {
        "coordinates": [
            -86.680761,
            -14.448358
        ],
        "type": "Point"
    },
    "id": "feature-to-update"
}

---------------------------------------------------
=== REQUEST ===
Time: 2026-08-14T01:00:04.972966800
Method:
PUT

Url:
https://api.mapbox.com/datasets/v1/mihaiqtr15/cmss2a6sw06vn1ppivmotkpwd/features/feature-std?access_token=sk.eyJ1IjoibWloYWlxdHIxNSIsImEiOiJjbXNzMXI2eGswNWIyMnlxdXZleHQ4dmg4In0.ZzBaTBpQm7M3uiZzMf3VoA

path:
/datasets/v1/mihaiqtr15/cmss2a6sw06vn1ppivmotkpwd/features/feature-std

access-token:
sk.eyJ1IjoibWloYWlxdHIxNSIsImEiOiJjbXNzMXI2eGswNWIyMnlxdXZleHQ4dmg4In0.ZzBaTBpQm7M3uiZzMf3VoA

query-params:
{access_token=sk.eyJ1IjoibWloYWlxdHIxNSIsImEiOiJjbXNzMXI2eGswNWIyMnlxdXZleHQ4dmg4In0.ZzBaTBpQm7M3uiZzMf3VoA}

Body:
{"id":"feature-std","type":"Feature","geometry":{"type":"Point","coordinates":[157.9,-23.958783]},"properties":{"name":"Standard Location"}}

=== RESPONSE ===
Status Code:
200

Body:
{
    "type": "Feature",
    "properties": {
        "name": "Standard Location"
    },
    "geometry": {
        "coordinates": [
            157.9,
            -23.958783
        ],
        "type": "Point"
    },
    "id": "feature-std"
}

---------------------------------------------------
=== REQUEST ===
Time: 2026-08-14T01:00:05.007964200
Method:
PUT

Url:
https://api.mapbox.com/datasets/v1/mihaiqtr15/cmss2a6the25h1mp79y7n79y0/features/feature-304?access_token=sk.eyJ1IjoibWloYWlxdHIxNSIsImEiOiJjbXNzMXI2eGswNWIyMnlxdXZleHQ4dmg4In0.ZzBaTBpQm7M3uiZzMf3VoA

path:
/datasets/v1/mihaiqtr15/cmss2a6the25h1mp79y7n79y0/features/feature-304

access-token:
sk.eyJ1IjoibWloYWlxdHIxNSIsImEiOiJjbXNzMXI2eGswNWIyMnlxdXZleHQ4dmg4In0.ZzBaTBpQm7M3uiZzMf3VoA

query-params:
{access_token=sk.eyJ1IjoibWloYWlxdHIxNSIsImEiOiJjbXNzMXI2eGswNWIyMnlxdXZleHQ4dmg4In0.ZzBaTBpQm7M3uiZzMf3VoA}

Body:
{"id":"feature-304","type":"Feature","geometry":{"type":"Point","coordinates":[-87.101208,24.634734]},"properties":{"name":"New Francescomouth"}}

=== RESPONSE ===
Status Code:
200

Body:
{
    "type": "Feature",
    "properties": {
        "name": "New Francescomouth"
    },
    "geometry": {
        "coordinates": [
            -87.101208,
            24.634734
        ],
        "type": "Point"
    },
    "id": "feature-304"
}

---------------------------------------------------
=== REQUEST ===
Time: 2026-08-14T01:00:05.092963900
Method:
DELETE

Url:
https://api.mapbox.com/datasets/v1/mihaiqtr15/cmss2a6smdzqf1nlgf0ntijvs?access_token=sk.eyJ1IjoibWloYWlxdHIxNSIsImEiOiJjbXNzMXI2eGswNWIyMnlxdXZleHQ4dmg4In0.ZzBaTBpQm7M3uiZzMf3VoA

path:
/datasets/v1/mihaiqtr15/cmss2a6smdzqf1nlgf0ntijvs

access-token:
sk.eyJ1IjoibWloYWlxdHIxNSIsImEiOiJjbXNzMXI2eGswNWIyMnlxdXZleHQ4dmg4In0.ZzBaTBpQm7M3uiZzMf3VoA

query-params:
{access_token=sk.eyJ1IjoibWloYWlxdHIxNSIsImEiOiJjbXNzMXI2eGswNWIyMnlxdXZleHQ4dmg4In0.ZzBaTBpQm7M3uiZzMf3VoA}

Body:


=== RESPONSE ===
Status Code:
204

Body:


---------------------------------------------------
=== REQUEST ===
Time: 2026-08-14T01:00:05.100964300
Method:
PUT

Url:
https://api.mapbox.com/datasets/v1/mihaiqtr15/cmss2a6te0icg1mqw3vb4q3d4/features/feature-to-update?access_token=sk.eyJ1IjoibWloYWlxdHIxNSIsImEiOiJjbXNzMXI2eGswNWIyMnlxdXZleHQ4dmg4In0.ZzBaTBpQm7M3uiZzMf3VoA

path:
/datasets/v1/mihaiqtr15/cmss2a6te0icg1mqw3vb4q3d4/features/feature-to-update

access-token:
sk.eyJ1IjoibWloYWlxdHIxNSIsImEiOiJjbXNzMXI2eGswNWIyMnlxdXZleHQ4dmg4In0.ZzBaTBpQm7M3uiZzMf3VoA

query-params:
{access_token=sk.eyJ1IjoibWloYWlxdHIxNSIsImEiOiJjbXNzMXI2eGswNWIyMnlxdXZleHQ4dmg4In0.ZzBaTBpQm7M3uiZzMf3VoA}

Body:
{"id":"feature-to-update","type":"Feature","geometry":{"type":"Point","coordinates":[-86.680761,-14.448358]},"properties":{"name":"Updated Location Name"}}

=== RESPONSE ===
Status Code:
200

Body:
{
    "type": "Feature",
    "properties": {
        "name": "Updated Location Name"
    },
    "geometry": {
        "coordinates": [
            -86.680761,
            -14.448358
        ],
        "type": "Point"
    },
    "id": "feature-to-update"
}

---------------------------------------------------
=== REQUEST ===
Time: 2026-08-14T01:00:05.139959900
Method:
GET

Url:
https://api.mapbox.com/datasets/v1/mihaiqtr15/cmss2a6the25h1mp79y7n79y0/features/feature-304?access_token=sk.eyJ1IjoibWloYWlxdHIxNSIsImEiOiJjbXNzMXI2eGswNWIyMnlxdXZleHQ4dmg4In0.ZzBaTBpQm7M3uiZzMf3VoA

path:
/datasets/v1/mihaiqtr15/cmss2a6the25h1mp79y7n79y0/features/feature-304

access-token:
sk.eyJ1IjoibWloYWlxdHIxNSIsImEiOiJjbXNzMXI2eGswNWIyMnlxdXZleHQ4dmg4In0.ZzBaTBpQm7M3uiZzMf3VoA

query-params:
{access_token=sk.eyJ1IjoibWloYWlxdHIxNSIsImEiOiJjbXNzMXI2eGswNWIyMnlxdXZleHQ4dmg4In0.ZzBaTBpQm7M3uiZzMf3VoA}

Body:


=== RESPONSE ===
Status Code:
304

Body:


---------------------------------------------------
=== REQUEST ===
Time: 2026-08-14T01:00:05.280595700
Method:
PUT

Url:
https://api.mapbox.com/datasets/v1/mihaiqtr15/cmss2a6swe0sr1olhzp6xy9o6/features/feature-invalid?access_token=sk.eyJ1IjoibWloYWlxdHIxNSIsImEiOiJjbXNzMXI2eGswNWIyMnlxdXZleHQ4dmg4In0.ZzBaTBpQm7M3uiZzMf3VoA&access_token=invalid_token_123

path:
/datasets/v1/mihaiqtr15/cmss2a6swe0sr1olhzp6xy9o6/features/feature-invalid

access-token:
[sk.eyJ1IjoibWloYWlxdHIxNSIsImEiOiJjbXNzMXI2eGswNWIyMnlxdXZleHQ4dmg4In0.ZzBaTBpQm7M3uiZzMf3VoA, invalid_token_123]

query-params:
{access_token=[sk.eyJ1IjoibWloYWlxdHIxNSIsImEiOiJjbXNzMXI2eGswNWIyMnlxdXZleHQ4dmg4In0.ZzBaTBpQm7M3uiZzMf3VoA, invalid_token_123]}

Body:
{"id":"feature-invalid","type":"Feature","geometry":{"type":"Point","coordinates":[103.6541,-28.751586]},"properties":{"name":"Roobview"}}

=== RESPONSE ===
Status Code:
401

Body:
{
    "message": "Not Authorized - Invalid Token"
}

---------------------------------------------------
=== REQUEST ===
Time: 2026-08-14T01:00:05.289599600
Method:
DELETE

Url:
https://api.mapbox.com/datasets/v1/mihaiqtr15/cmss2a6the25h1mp79y7n79y0?access_token=sk.eyJ1IjoibWloYWlxdHIxNSIsImEiOiJjbXNzMXI2eGswNWIyMnlxdXZleHQ4dmg4In0.ZzBaTBpQm7M3uiZzMf3VoA

path:
/datasets/v1/mihaiqtr15/cmss2a6the25h1mp79y7n79y0

access-token:
sk.eyJ1IjoibWloYWlxdHIxNSIsImEiOiJjbXNzMXI2eGswNWIyMnlxdXZleHQ4dmg4In0.ZzBaTBpQm7M3uiZzMf3VoA

query-params:
{access_token=sk.eyJ1IjoibWloYWlxdHIxNSIsImEiOiJjbXNzMXI2eGswNWIyMnlxdXZleHQ4dmg4In0.ZzBaTBpQm7M3uiZzMf3VoA}

Body:


=== RESPONSE ===
Status Code:
204

Body:


---------------------------------------------------
=== REQUEST ===
Time: 2026-08-14T01:00:05.304607800
Method:
DELETE

Url:
https://api.mapbox.com/datasets/v1/mihaiqtr15/cmss2a6te0icg1mqw3vb4q3d4?access_token=sk.eyJ1IjoibWloYWlxdHIxNSIsImEiOiJjbXNzMXI2eGswNWIyMnlxdXZleHQ4dmg4In0.ZzBaTBpQm7M3uiZzMf3VoA

path:
/datasets/v1/mihaiqtr15/cmss2a6te0icg1mqw3vb4q3d4

access-token:
sk.eyJ1IjoibWloYWlxdHIxNSIsImEiOiJjbXNzMXI2eGswNWIyMnlxdXZleHQ4dmg4In0.ZzBaTBpQm7M3uiZzMf3VoA

query-params:
{access_token=sk.eyJ1IjoibWloYWlxdHIxNSIsImEiOiJjbXNzMXI2eGswNWIyMnlxdXZleHQ4dmg4In0.ZzBaTBpQm7M3uiZzMf3VoA}

Body:


=== RESPONSE ===
Status Code:
204

Body:


---------------------------------------------------
=== REQUEST ===
Time: 2026-08-14T01:00:05.459596
Method:
DELETE

Url:
https://api.mapbox.com/datasets/v1/mihaiqtr15/cmss2a6swe0sr1olhzp6xy9o6?access_token=sk.eyJ1IjoibWloYWlxdHIxNSIsImEiOiJjbXNzMXI2eGswNWIyMnlxdXZleHQ4dmg4In0.ZzBaTBpQm7M3uiZzMf3VoA

path:
/datasets/v1/mihaiqtr15/cmss2a6swe0sr1olhzp6xy9o6

access-token:
sk.eyJ1IjoibWloYWlxdHIxNSIsImEiOiJjbXNzMXI2eGswNWIyMnlxdXZleHQ4dmg4In0.ZzBaTBpQm7M3uiZzMf3VoA

query-params:
{access_token=sk.eyJ1IjoibWloYWlxdHIxNSIsImEiOiJjbXNzMXI2eGswNWIyMnlxdXZleHQ4dmg4In0.ZzBaTBpQm7M3uiZzMf3VoA}

Body:


=== RESPONSE ===
Status Code:
204

Body:


---------------------------------------------------
=== REQUEST ===
Time: 2026-08-14T01:00:05.753184500
Method:
DELETE

Url:
https://api.mapbox.com/datasets/v1/mihaiqtr15/cmss2a6sw06vn1ppivmotkpwd?access_token=sk.eyJ1IjoibWloYWlxdHIxNSIsImEiOiJjbXNzMXI2eGswNWIyMnlxdXZleHQ4dmg4In0.ZzBaTBpQm7M3uiZzMf3VoA

path:
/datasets/v1/mihaiqtr15/cmss2a6sw06vn1ppivmotkpwd

access-token:
sk.eyJ1IjoibWloYWlxdHIxNSIsImEiOiJjbXNzMXI2eGswNWIyMnlxdXZleHQ4dmg4In0.ZzBaTBpQm7M3uiZzMf3VoA

query-params:
{access_token=sk.eyJ1IjoibWloYWlxdHIxNSIsImEiOiJjbXNzMXI2eGswNWIyMnlxdXZleHQ4dmg4In0.ZzBaTBpQm7M3uiZzMf3VoA}

Body:


=== RESPONSE ===
Status Code:
204

Body:


---------------------------------------------------
=== REQUEST ===
Time: 2026-08-14T01:00:05.925913800
Method:
POST

Url:
https://api.mapbox.com/datasets/v1/mihaiqtr15?access_token=sk.eyJ1IjoibWloYWlxdHIxNSIsImEiOiJjbXNzMXI2eGswNWIyMnlxdXZleHQ4dmg4In0.ZzBaTBpQm7M3uiZzMf3VoA

path:
/datasets/v1/mihaiqtr15

access-token:
sk.eyJ1IjoibWloYWlxdHIxNSIsImEiOiJjbXNzMXI2eGswNWIyMnlxdXZleHQ4dmg4In0.ZzBaTBpQm7M3uiZzMf3VoA

query-params:
{access_token=sk.eyJ1IjoibWloYWlxdHIxNSIsImEiOiJjbXNzMXI2eGswNWIyMnlxdXZleHQ4dmg4In0.ZzBaTBpQm7M3uiZzMf3VoA}

Body:
{"name":"Dataset 0540","description":"Generated by DataSeeder"}

=== RESPONSE ===
Status Code:
200

Body:
{
    "owner": "mihaiqtr15",
    "id": "cmss2a8ro4lkv1np9v0vcvt8u",
    "name": "Dataset 0540",
    "description": "Generated by DataSeeder",
    "created": "2026-08-13T22:00:05.621Z",
    "modified": "2026-08-13T22:00:05.621Z",
    "features": 0,
    "size": 0,
    "bounds": [
        0,
        0,
        0,
        0
    ]
}

---------------------------------------------------
=== REQUEST ===
Time: 2026-08-14T01:00:06.057488700
Method:
PUT

Url:
https://api.mapbox.com/datasets/v1/mihaiqtr15/cmss2a8ro4lkv1np9v0vcvt8u/features/feature-num?access_token=sk.eyJ1IjoibWloYWlxdHIxNSIsImEiOiJjbXNzMXI2eGswNWIyMnlxdXZleHQ4dmg4In0.ZzBaTBpQm7M3uiZzMf3VoA

path:
/datasets/v1/mihaiqtr15/cmss2a8ro4lkv1np9v0vcvt8u/features/feature-num

access-token:
sk.eyJ1IjoibWloYWlxdHIxNSIsImEiOiJjbXNzMXI2eGswNWIyMnlxdXZleHQ4dmg4In0.ZzBaTBpQm7M3uiZzMf3VoA

query-params:
{access_token=sk.eyJ1IjoibWloYWlxdHIxNSIsImEiOiJjbXNzMXI2eGswNWIyMnlxdXZleHQ4dmg4In0.ZzBaTBpQm7M3uiZzMf3VoA}

Body:
{"id":"feature-num","type":"Feature","geometry":{"type":"Point","coordinates":[51.283713,8.2005842]},"properties":{"name":"Location with numbers 123"}}

=== RESPONSE ===
Status Code:
200

Body:
{
    "type": "Feature",
    "properties": {
        "name": "Location with numbers 123"
    },
    "geometry": {
        "coordinates": [
            51.283713,
            8.200584
        ],
        "type": "Point"
    },
    "id": "feature-num"
}

---------------------------------------------------
=== REQUEST ===
Time: 2026-08-14T01:00:06.248277100
Method:
DELETE

Url:
https://api.mapbox.com/datasets/v1/mihaiqtr15/cmss2a8ro4lkv1np9v0vcvt8u?access_token=sk.eyJ1IjoibWloYWlxdHIxNSIsImEiOiJjbXNzMXI2eGswNWIyMnlxdXZleHQ4dmg4In0.ZzBaTBpQm7M3uiZzMf3VoA

path:
/datasets/v1/mihaiqtr15/cmss2a8ro4lkv1np9v0vcvt8u

access-token:
sk.eyJ1IjoibWloYWlxdHIxNSIsImEiOiJjbXNzMXI2eGswNWIyMnlxdXZleHQ4dmg4In0.ZzBaTBpQm7M3uiZzMf3VoA

query-params:
{access_token=sk.eyJ1IjoibWloYWlxdHIxNSIsImEiOiJjbXNzMXI2eGswNWIyMnlxdXZleHQ4dmg4In0.ZzBaTBpQm7M3uiZzMf3VoA}

Body:


=== RESPONSE ===
Status Code:
204

Body:


---------------------------------------------------
=== REQUEST ===
Time: 2026-08-14T01:00:06.423588100
Method:
POST

Url:
https://api.mapbox.com/datasets/v1/mihaiqtr15?access_token=sk.eyJ1IjoibWloYWlxdHIxNSIsImEiOiJjbXNzMXI2eGswNWIyMnlxdXZleHQ4dmg4In0.ZzBaTBpQm7M3uiZzMf3VoA

path:
/datasets/v1/mihaiqtr15

access-token:
sk.eyJ1IjoibWloYWlxdHIxNSIsImEiOiJjbXNzMXI2eGswNWIyMnlxdXZleHQ4dmg4In0.ZzBaTBpQm7M3uiZzMf3VoA

query-params:
{access_token=sk.eyJ1IjoibWloYWlxdHIxNSIsImEiOiJjbXNzMXI2eGswNWIyMnlxdXZleHQ4dmg4In0.ZzBaTBpQm7M3uiZzMf3VoA}

Body:
{"name":"Dataset 7063","description":"Generated by DataSeeder"}

=== RESPONSE ===
Status Code:
200

Body:
{
    "owner": "mihaiqtr15",
    "id": "cmss2a95fcboy1pqiyu0c6lly",
    "name": "Dataset 7063",
    "description": "Generated by DataSeeder",
    "created": "2026-08-13T22:00:06.119Z",
    "modified": "2026-08-13T22:00:06.119Z",
    "features": 0,
    "size": 0,
    "bounds": [
        0,
        0,
        0,
        0
    ]
}

---------------------------------------------------
=== REQUEST ===
Time: 2026-08-14T01:00:06.563965400
Method:
PUT

Url:
https://api.mapbox.com/datasets/v1/mihaiqtr15/cmss2a95fcboy1pqiyu0c6lly/features/feature-special?access_token=sk.eyJ1IjoibWloYWlxdHIxNSIsImEiOiJjbXNzMXI2eGswNWIyMnlxdXZleHQ4dmg4In0.ZzBaTBpQm7M3uiZzMf3VoA

path:
/datasets/v1/mihaiqtr15/cmss2a95fcboy1pqiyu0c6lly/features/feature-special

access-token:
sk.eyJ1IjoibWloYWlxdHIxNSIsImEiOiJjbXNzMXI2eGswNWIyMnlxdXZleHQ4dmg4In0.ZzBaTBpQm7M3uiZzMf3VoA

query-params:
{access_token=sk.eyJ1IjoibWloYWlxdHIxNSIsImEiOiJjbXNzMXI2eGswNWIyMnlxdXZleHQ4dmg4In0.ZzBaTBpQm7M3uiZzMf3VoA}

Body:
{"id":"feature-special","type":"Feature","geometry":{"type":"Point","coordinates":[105.36304,-39.945407]},"properties":{"name":"Special Chars !@#$%"}}

=== RESPONSE ===
Status Code:
200

Body:
{
    "type": "Feature",
    "properties": {
        "name": "Special Chars !@#$%"
    },
    "geometry": {
        "coordinates": [
            105.36304,
            -39.945407
        ],
        "type": "Point"
    },
    "id": "feature-special"
}

---------------------------------------------------
=== REQUEST ===
Time: 2026-08-14T01:00:06.735693400
Method:
DELETE

Url:
https://api.mapbox.com/datasets/v1/mihaiqtr15/cmss2a95fcboy1pqiyu0c6lly?access_token=sk.eyJ1IjoibWloYWlxdHIxNSIsImEiOiJjbXNzMXI2eGswNWIyMnlxdXZleHQ4dmg4In0.ZzBaTBpQm7M3uiZzMf3VoA

path:
/datasets/v1/mihaiqtr15/cmss2a95fcboy1pqiyu0c6lly

access-token:
sk.eyJ1IjoibWloYWlxdHIxNSIsImEiOiJjbXNzMXI2eGswNWIyMnlxdXZleHQ4dmg4In0.ZzBaTBpQm7M3uiZzMf3VoA

query-params:
{access_token=sk.eyJ1IjoibWloYWlxdHIxNSIsImEiOiJjbXNzMXI2eGswNWIyMnlxdXZleHQ4dmg4In0.ZzBaTBpQm7M3uiZzMf3VoA}

Body:


=== RESPONSE ===
Status Code:
204

Body:


---------------------------------------------------
=== REQUEST ===
Time: 2026-08-14T01:01:20.562938
Method:
POST

Url:
https://api.mapbox.com/datasets/v1/mihaiqtr15?access_token=sk.eyJ1IjoibWloYWlxdHIxNSIsImEiOiJjbXNzMXI2eGswNWIyMnlxdXZleHQ4dmg4In0.ZzBaTBpQm7M3uiZzMf3VoA

path:
/datasets/v1/mihaiqtr15

access-token:
sk.eyJ1IjoibWloYWlxdHIxNSIsImEiOiJjbXNzMXI2eGswNWIyMnlxdXZleHQ4dmg4In0.ZzBaTBpQm7M3uiZzMf3VoA

query-params:
{access_token=sk.eyJ1IjoibWloYWlxdHIxNSIsImEiOiJjbXNzMXI2eGswNWIyMnlxdXZleHQ4dmg4In0.ZzBaTBpQm7M3uiZzMf3VoA}

Body:
{"name":"Dataset 7135","description":"Generated by DataSeeder"}

=== RESPONSE ===
Status Code:
200

Body:
{
    "owner": "mihaiqtr15",
    "id": "cmss2buche28d1plhe5fonzbd",
    "name": "Dataset 7135",
    "description": "Generated by DataSeeder",
    "created": "2026-08-13T22:01:20.240Z",
    "modified": "2026-08-13T22:01:20.240Z",
    "features": 0,
    "size": 0,
    "bounds": [
        0,
        0,
        0,
        0
    ]
}

---------------------------------------------------
=== REQUEST ===
Time: 2026-08-14T01:01:20.564939500
Method:
POST

Url:
https://api.mapbox.com/datasets/v1/mihaiqtr15?access_token=sk.eyJ1IjoibWloYWlxdHIxNSIsImEiOiJjbXNzMXI2eGswNWIyMnlxdXZleHQ4dmg4In0.ZzBaTBpQm7M3uiZzMf3VoA

path:
/datasets/v1/mihaiqtr15

access-token:
sk.eyJ1IjoibWloYWlxdHIxNSIsImEiOiJjbXNzMXI2eGswNWIyMnlxdXZleHQ4dmg4In0.ZzBaTBpQm7M3uiZzMf3VoA

query-params:
{access_token=sk.eyJ1IjoibWloYWlxdHIxNSIsImEiOiJjbXNzMXI2eGswNWIyMnlxdXZleHQ4dmg4In0.ZzBaTBpQm7M3uiZzMf3VoA}

Body:
{"name":"Dataset 5904","description":"Generated by DataSeeder"}

=== RESPONSE ===
Status Code:
200

Body:
{
    "owner": "mihaiqtr15",
    "id": "cmss2bubl03iw1po1c9uf6vso",
    "name": "Dataset 5904",
    "description": "Generated by DataSeeder",
    "created": "2026-08-13T22:01:20.205Z",
    "modified": "2026-08-13T22:01:20.205Z",
    "features": 0,
    "size": 0,
    "bounds": [
        0,
        0,
        0,
        0
    ]
}

---------------------------------------------------
=== REQUEST ===
Time: 2026-08-14T01:01:20.567932300
Method:
POST

Url:
https://api.mapbox.com/datasets/v1/mihaiqtr15?access_token=sk.eyJ1IjoibWloYWlxdHIxNSIsImEiOiJjbXNzMXI2eGswNWIyMnlxdXZleHQ4dmg4In0.ZzBaTBpQm7M3uiZzMf3VoA

path:
/datasets/v1/mihaiqtr15

access-token:
sk.eyJ1IjoibWloYWlxdHIxNSIsImEiOiJjbXNzMXI2eGswNWIyMnlxdXZleHQ4dmg4In0.ZzBaTBpQm7M3uiZzMf3VoA

query-params:
{access_token=sk.eyJ1IjoibWloYWlxdHIxNSIsImEiOiJjbXNzMXI2eGswNWIyMnlxdXZleHQ4dmg4In0.ZzBaTBpQm7M3uiZzMf3VoA}

Body:
{"name":"Dataset 1462","description":"Generated by DataSeeder"}

=== RESPONSE ===
Status Code:
200

Body:
{
    "owner": "mihaiqtr15",
    "id": "cmss2bubm03hq1njyftdmpae2",
    "name": "Dataset 1462",
    "description": "Generated by DataSeeder",
    "created": "2026-08-13T22:01:20.210Z",
    "modified": "2026-08-13T22:01:20.210Z",
    "features": 0,
    "size": 0,
    "bounds": [
        0,
        0,
        0,
        0
    ]
}

---------------------------------------------------
=== REQUEST ===
Time: 2026-08-14T01:01:20.568944200
Method:
POST

Url:
https://api.mapbox.com/datasets/v1/mihaiqtr15?access_token=sk.eyJ1IjoibWloYWlxdHIxNSIsImEiOiJjbXNzMXI2eGswNWIyMnlxdXZleHQ4dmg4In0.ZzBaTBpQm7M3uiZzMf3VoA

path:
/datasets/v1/mihaiqtr15

access-token:
sk.eyJ1IjoibWloYWlxdHIxNSIsImEiOiJjbXNzMXI2eGswNWIyMnlxdXZleHQ4dmg4In0.ZzBaTBpQm7M3uiZzMf3VoA

query-params:
{access_token=sk.eyJ1IjoibWloYWlxdHIxNSIsImEiOiJjbXNzMXI2eGswNWIyMnlxdXZleHQ4dmg4In0.ZzBaTBpQm7M3uiZzMf3VoA}

Body:
{"name":"Dataset 2818","description":"Generated by DataSeeder"}

=== RESPONSE ===
Status Code:
200

Body:
{
    "owner": "mihaiqtr15",
    "id": "cmss2bubi06r21nto8n39dx3s",
    "name": "Dataset 2818",
    "description": "Generated by DataSeeder",
    "created": "2026-08-13T22:01:20.206Z",
    "modified": "2026-08-13T22:01:20.206Z",
    "features": 0,
    "size": 0,
    "bounds": [
        0,
        0,
        0,
        0
    ]
}

---------------------------------------------------
=== REQUEST ===
Time: 2026-08-14T01:01:20.570937700
Method:
POST

Url:
https://api.mapbox.com/datasets/v1/mihaiqtr15?access_token=sk.eyJ1IjoibWloYWlxdHIxNSIsImEiOiJjbXNzMXI2eGswNWIyMnlxdXZleHQ4dmg4In0.ZzBaTBpQm7M3uiZzMf3VoA

path:
/datasets/v1/mihaiqtr15

access-token:
sk.eyJ1IjoibWloYWlxdHIxNSIsImEiOiJjbXNzMXI2eGswNWIyMnlxdXZleHQ4dmg4In0.ZzBaTBpQm7M3uiZzMf3VoA

query-params:
{access_token=sk.eyJ1IjoibWloYWlxdHIxNSIsImEiOiJjbXNzMXI2eGswNWIyMnlxdXZleHQ4dmg4In0.ZzBaTBpQm7M3uiZzMf3VoA}

Body:
{"name":"Dataset 5666","description":"Generated by DataSeeder"}

=== RESPONSE ===
Status Code:
200

Body:
{
    "owner": "mihaiqtr15",
    "id": "cmss2buci03i01pqnybesaq4g",
    "name": "Dataset 5666",
    "description": "Generated by DataSeeder",
    "created": "2026-08-13T22:01:20.248Z",
    "modified": "2026-08-13T22:01:20.248Z",
    "features": 0,
    "size": 0,
    "bounds": [
        0,
        0,
        0,
        0
    ]
}

---------------------------------------------------
=== REQUEST ===
Time: 2026-08-14T01:01:22.161809300
Method:
PATCH

Url:
https://api.mapbox.com/datasets/v1/mihaiqtr15/cmss2bubm03hq1njyftdmpae2?access_token=sk.eyJ1IjoibWloYWlxdHIxNSIsImEiOiJjbXNzMXI2eGswNWIyMnlxdXZleHQ4dmg4In0.ZzBaTBpQm7M3uiZzMf3VoA

path:
/datasets/v1/mihaiqtr15/cmss2bubm03hq1njyftdmpae2

access-token:
sk.eyJ1IjoibWloYWlxdHIxNSIsImEiOiJjbXNzMXI2eGswNWIyMnlxdXZleHQ4dmg4In0.ZzBaTBpQm7M3uiZzMf3VoA

query-params:
{access_token=sk.eyJ1IjoibWloYWlxdHIxNSIsImEiOiJjbXNzMXI2eGswNWIyMnlxdXZleHQ4dmg4In0.ZzBaTBpQm7M3uiZzMf3VoA}

Body:
{"name":"Patched Dataset Name","description":"Patched description"}

=== RESPONSE ===
Status Code:
200

Body:
{
    "owner": "mihaiqtr15",
    "id": "cmss2bubm03hq1njyftdmpae2",
    "name": "Patched Dataset Name",
    "description": "Patched description",
    "created": "2026-08-13T22:01:20.210Z",
    "modified": "2026-08-13T22:01:21.858Z",
    "features": 0,
    "size": 0,
    "bounds": [
        0,
        0,
        0,
        0
    ]
}

---------------------------------------------------
=== REQUEST ===
Time: 2026-08-14T01:01:22.400023500
Method:
DELETE

Url:
https://api.mapbox.com/datasets/v1/mihaiqtr15/cmss2bubm03hq1njyftdmpae2?access_token=sk.eyJ1IjoibWloYWlxdHIxNSIsImEiOiJjbXNzMXI2eGswNWIyMnlxdXZleHQ4dmg4In0.ZzBaTBpQm7M3uiZzMf3VoA

path:
/datasets/v1/mihaiqtr15/cmss2bubm03hq1njyftdmpae2

access-token:
sk.eyJ1IjoibWloYWlxdHIxNSIsImEiOiJjbXNzMXI2eGswNWIyMnlxdXZleHQ4dmg4In0.ZzBaTBpQm7M3uiZzMf3VoA

query-params:
{access_token=sk.eyJ1IjoibWloYWlxdHIxNSIsImEiOiJjbXNzMXI2eGswNWIyMnlxdXZleHQ4dmg4In0.ZzBaTBpQm7M3uiZzMf3VoA}

Body:


=== RESPONSE ===
Status Code:
204

Body:


---------------------------------------------------
=== REQUEST ===
Time: 2026-08-14T01:01:22.665717400
Method:
PUT

Url:
https://api.mapbox.com/datasets/v1/mihaiqtr15/cmss2buche28d1plhe5fonzbd/features/feature-304?access_token=sk.eyJ1IjoibWloYWlxdHIxNSIsImEiOiJjbXNzMXI2eGswNWIyMnlxdXZleHQ4dmg4In0.ZzBaTBpQm7M3uiZzMf3VoA

path:
/datasets/v1/mihaiqtr15/cmss2buche28d1plhe5fonzbd/features/feature-304

access-token:
sk.eyJ1IjoibWloYWlxdHIxNSIsImEiOiJjbXNzMXI2eGswNWIyMnlxdXZleHQ4dmg4In0.ZzBaTBpQm7M3uiZzMf3VoA

query-params:
{access_token=sk.eyJ1IjoibWloYWlxdHIxNSIsImEiOiJjbXNzMXI2eGswNWIyMnlxdXZleHQ4dmg4In0.ZzBaTBpQm7M3uiZzMf3VoA}

Body:
{"id":"feature-304","type":"Feature","geometry":{"type":"Point","coordinates":[-123.28068,-54.636481]},"properties":{"name":"Thadchester"}}

=== RESPONSE ===
Status Code:
200

Body:
{
    "type": "Feature",
    "properties": {
        "name": "Thadchester"
    },
    "geometry": {
        "coordinates": [
            -123.28068,
            -54.636481
        ],
        "type": "Point"
    },
    "id": "feature-304"
}

---------------------------------------------------
=== REQUEST ===
Time: 2026-08-14T01:01:22.682719800
Method:
PUT

Url:
https://api.mapbox.com/datasets/v1/mihaiqtr15/cmss2buci03i01pqnybesaq4g/features/feature-std?access_token=sk.eyJ1IjoibWloYWlxdHIxNSIsImEiOiJjbXNzMXI2eGswNWIyMnlxdXZleHQ4dmg4In0.ZzBaTBpQm7M3uiZzMf3VoA

path:
/datasets/v1/mihaiqtr15/cmss2buci03i01pqnybesaq4g/features/feature-std

access-token:
sk.eyJ1IjoibWloYWlxdHIxNSIsImEiOiJjbXNzMXI2eGswNWIyMnlxdXZleHQ4dmg4In0.ZzBaTBpQm7M3uiZzMf3VoA

query-params:
{access_token=sk.eyJ1IjoibWloYWlxdHIxNSIsImEiOiJjbXNzMXI2eGswNWIyMnlxdXZleHQ4dmg4In0.ZzBaTBpQm7M3uiZzMf3VoA}

Body:
{"id":"feature-std","type":"Feature","geometry":{"type":"Point","coordinates":[-164.27856,-60.136011]},"properties":{"name":"Standard Location"}}

=== RESPONSE ===
Status Code:
200

Body:
{
    "type": "Feature",
    "properties": {
        "name": "Standard Location"
    },
    "geometry": {
        "coordinates": [
            -164.27856,
            -60.136011
        ],
        "type": "Point"
    },
    "id": "feature-std"
}

---------------------------------------------------
=== REQUEST ===
Time: 2026-08-14T01:01:22.725255300
Method:
PUT

Url:
https://api.mapbox.com/datasets/v1/mihaiqtr15/cmss2bubi06r21nto8n39dx3s/features/feature-invalid?access_token=sk.eyJ1IjoibWloYWlxdHIxNSIsImEiOiJjbXNzMXI2eGswNWIyMnlxdXZleHQ4dmg4In0.ZzBaTBpQm7M3uiZzMf3VoA&access_token=invalid_token_123

path:
/datasets/v1/mihaiqtr15/cmss2bubi06r21nto8n39dx3s/features/feature-invalid

access-token:
[sk.eyJ1IjoibWloYWlxdHIxNSIsImEiOiJjbXNzMXI2eGswNWIyMnlxdXZleHQ4dmg4In0.ZzBaTBpQm7M3uiZzMf3VoA, invalid_token_123]

query-params:
{access_token=[sk.eyJ1IjoibWloYWlxdHIxNSIsImEiOiJjbXNzMXI2eGswNWIyMnlxdXZleHQ4dmg4In0.ZzBaTBpQm7M3uiZzMf3VoA, invalid_token_123]}

Body:
{"id":"feature-invalid","type":"Feature","geometry":{"type":"Point","coordinates":[-56.824063,72.459788]},"properties":{"name":"Lake Earlport"}}

=== RESPONSE ===
Status Code:
401

Body:
{
    "message": "Not Authorized - Invalid Token"
}

---------------------------------------------------
=== REQUEST ===
Time: 2026-08-14T01:01:22.736258300
Method:
PUT

Url:
https://api.mapbox.com/datasets/v1/mihaiqtr15/cmss2bubl03iw1po1c9uf6vso/features/feature-to-update?access_token=sk.eyJ1IjoibWloYWlxdHIxNSIsImEiOiJjbXNzMXI2eGswNWIyMnlxdXZleHQ4dmg4In0.ZzBaTBpQm7M3uiZzMf3VoA

path:
/datasets/v1/mihaiqtr15/cmss2bubl03iw1po1c9uf6vso/features/feature-to-update

access-token:
sk.eyJ1IjoibWloYWlxdHIxNSIsImEiOiJjbXNzMXI2eGswNWIyMnlxdXZleHQ4dmg4In0.ZzBaTBpQm7M3uiZzMf3VoA

query-params:
{access_token=sk.eyJ1IjoibWloYWlxdHIxNSIsImEiOiJjbXNzMXI2eGswNWIyMnlxdXZleHQ4dmg4In0.ZzBaTBpQm7M3uiZzMf3VoA}

Body:
{"id":"feature-to-update","type":"Feature","geometry":{"type":"Point","coordinates":[166.78375,-47.704048]},"properties":{"name":"New Jacob"}}

=== RESPONSE ===
Status Code:
200

Body:
{
    "type": "Feature",
    "properties": {
        "name": "New Jacob"
    },
    "geometry": {
        "coordinates": [
            166.78375,
            -47.704048
        ],
        "type": "Point"
    },
    "id": "feature-to-update"
}

---------------------------------------------------
=== REQUEST ===
Time: 2026-08-14T01:01:22.795261200
Method:
GET

Url:
https://api.mapbox.com/datasets/v1/mihaiqtr15/cmss2buche28d1plhe5fonzbd/features/feature-304?access_token=sk.eyJ1IjoibWloYWlxdHIxNSIsImEiOiJjbXNzMXI2eGswNWIyMnlxdXZleHQ4dmg4In0.ZzBaTBpQm7M3uiZzMf3VoA

path:
/datasets/v1/mihaiqtr15/cmss2buche28d1plhe5fonzbd/features/feature-304

access-token:
sk.eyJ1IjoibWloYWlxdHIxNSIsImEiOiJjbXNzMXI2eGswNWIyMnlxdXZleHQ4dmg4In0.ZzBaTBpQm7M3uiZzMf3VoA

query-params:
{access_token=sk.eyJ1IjoibWloYWlxdHIxNSIsImEiOiJjbXNzMXI2eGswNWIyMnlxdXZleHQ4dmg4In0.ZzBaTBpQm7M3uiZzMf3VoA}

Body:


=== RESPONSE ===
Status Code:
304

Body:


---------------------------------------------------
=== REQUEST ===
Time: 2026-08-14T01:01:22.866260400
Method:
PUT

Url:
https://api.mapbox.com/datasets/v1/mihaiqtr15/cmss2bubl03iw1po1c9uf6vso/features/feature-to-update?access_token=sk.eyJ1IjoibWloYWlxdHIxNSIsImEiOiJjbXNzMXI2eGswNWIyMnlxdXZleHQ4dmg4In0.ZzBaTBpQm7M3uiZzMf3VoA

path:
/datasets/v1/mihaiqtr15/cmss2bubl03iw1po1c9uf6vso/features/feature-to-update

access-token:
sk.eyJ1IjoibWloYWlxdHIxNSIsImEiOiJjbXNzMXI2eGswNWIyMnlxdXZleHQ4dmg4In0.ZzBaTBpQm7M3uiZzMf3VoA

query-params:
{access_token=sk.eyJ1IjoibWloYWlxdHIxNSIsImEiOiJjbXNzMXI2eGswNWIyMnlxdXZleHQ4dmg4In0.ZzBaTBpQm7M3uiZzMf3VoA}

Body:
{"id":"feature-to-update","type":"Feature","geometry":{"type":"Point","coordinates":[166.78375,-47.704048]},"properties":{"name":"Updated Location Name"}}

=== RESPONSE ===
Status Code:
200

Body:
{
    "type": "Feature",
    "properties": {
        "name": "Updated Location Name"
    },
    "geometry": {
        "coordinates": [
            166.78375,
            -47.704048
        ],
        "type": "Point"
    },
    "id": "feature-to-update"
}

---------------------------------------------------
=== REQUEST ===
Time: 2026-08-14T01:01:22.882258900
Method:
DELETE

Url:
https://api.mapbox.com/datasets/v1/mihaiqtr15/cmss2bubi06r21nto8n39dx3s?access_token=sk.eyJ1IjoibWloYWlxdHIxNSIsImEiOiJjbXNzMXI2eGswNWIyMnlxdXZleHQ4dmg4In0.ZzBaTBpQm7M3uiZzMf3VoA

path:
/datasets/v1/mihaiqtr15/cmss2bubi06r21nto8n39dx3s

access-token:
sk.eyJ1IjoibWloYWlxdHIxNSIsImEiOiJjbXNzMXI2eGswNWIyMnlxdXZleHQ4dmg4In0.ZzBaTBpQm7M3uiZzMf3VoA

query-params:
{access_token=sk.eyJ1IjoibWloYWlxdHIxNSIsImEiOiJjbXNzMXI2eGswNWIyMnlxdXZleHQ4dmg4In0.ZzBaTBpQm7M3uiZzMf3VoA}

Body:


=== RESPONSE ===
Status Code:
204

Body:


---------------------------------------------------
=== REQUEST ===
Time: 2026-08-14T01:01:22.932261800
Method:
DELETE

Url:
https://api.mapbox.com/datasets/v1/mihaiqtr15/cmss2buche28d1plhe5fonzbd?access_token=sk.eyJ1IjoibWloYWlxdHIxNSIsImEiOiJjbXNzMXI2eGswNWIyMnlxdXZleHQ4dmg4In0.ZzBaTBpQm7M3uiZzMf3VoA

path:
/datasets/v1/mihaiqtr15/cmss2buche28d1plhe5fonzbd

access-token:
sk.eyJ1IjoibWloYWlxdHIxNSIsImEiOiJjbXNzMXI2eGswNWIyMnlxdXZleHQ4dmg4In0.ZzBaTBpQm7M3uiZzMf3VoA

query-params:
{access_token=sk.eyJ1IjoibWloYWlxdHIxNSIsImEiOiJjbXNzMXI2eGswNWIyMnlxdXZleHQ4dmg4In0.ZzBaTBpQm7M3uiZzMf3VoA}

Body:


=== RESPONSE ===
Status Code:
204

Body:


---------------------------------------------------
=== REQUEST ===
Time: 2026-08-14T01:01:23.043052700
Method:
DELETE

Url:
https://api.mapbox.com/datasets/v1/mihaiqtr15/cmss2bubl03iw1po1c9uf6vso?access_token=sk.eyJ1IjoibWloYWlxdHIxNSIsImEiOiJjbXNzMXI2eGswNWIyMnlxdXZleHQ4dmg4In0.ZzBaTBpQm7M3uiZzMf3VoA

path:
/datasets/v1/mihaiqtr15/cmss2bubl03iw1po1c9uf6vso

access-token:
sk.eyJ1IjoibWloYWlxdHIxNSIsImEiOiJjbXNzMXI2eGswNWIyMnlxdXZleHQ4dmg4In0.ZzBaTBpQm7M3uiZzMf3VoA

query-params:
{access_token=sk.eyJ1IjoibWloYWlxdHIxNSIsImEiOiJjbXNzMXI2eGswNWIyMnlxdXZleHQ4dmg4In0.ZzBaTBpQm7M3uiZzMf3VoA}

Body:


=== RESPONSE ===
Status Code:
204

Body:


---------------------------------------------------
=== REQUEST ===
Time: 2026-08-14T01:01:24.071229900
Method:
DELETE

Url:
https://api.mapbox.com/datasets/v1/mihaiqtr15/cmss2buci03i01pqnybesaq4g?access_token=sk.eyJ1IjoibWloYWlxdHIxNSIsImEiOiJjbXNzMXI2eGswNWIyMnlxdXZleHQ4dmg4In0.ZzBaTBpQm7M3uiZzMf3VoA

path:
/datasets/v1/mihaiqtr15/cmss2buci03i01pqnybesaq4g

access-token:
sk.eyJ1IjoibWloYWlxdHIxNSIsImEiOiJjbXNzMXI2eGswNWIyMnlxdXZleHQ4dmg4In0.ZzBaTBpQm7M3uiZzMf3VoA

query-params:
{access_token=sk.eyJ1IjoibWloYWlxdHIxNSIsImEiOiJjbXNzMXI2eGswNWIyMnlxdXZleHQ4dmg4In0.ZzBaTBpQm7M3uiZzMf3VoA}

Body:


=== RESPONSE ===
Status Code:
204

Body:


---------------------------------------------------
=== REQUEST ===
Time: 2026-08-14T01:01:24.226931200
Method:
POST

Url:
https://api.mapbox.com/datasets/v1/mihaiqtr15?access_token=sk.eyJ1IjoibWloYWlxdHIxNSIsImEiOiJjbXNzMXI2eGswNWIyMnlxdXZleHQ4dmg4In0.ZzBaTBpQm7M3uiZzMf3VoA

path:
/datasets/v1/mihaiqtr15

access-token:
sk.eyJ1IjoibWloYWlxdHIxNSIsImEiOiJjbXNzMXI2eGswNWIyMnlxdXZleHQ4dmg4In0.ZzBaTBpQm7M3uiZzMf3VoA

query-params:
{access_token=sk.eyJ1IjoibWloYWlxdHIxNSIsImEiOiJjbXNzMXI2eGswNWIyMnlxdXZleHQ4dmg4In0.ZzBaTBpQm7M3uiZzMf3VoA}

Body:
{"name":"Dataset 6504","description":"Generated by DataSeeder"}

=== RESPONSE ===
Status Code:
200

Body:
{
    "owner": "mihaiqtr15",
    "id": "cmss2bx6v3qfu1nsalzs4fno9",
    "name": "Dataset 6504",
    "description": "Generated by DataSeeder",
    "created": "2026-08-13T22:01:23.927Z",
    "modified": "2026-08-13T22:01:23.927Z",
    "features": 0,
    "size": 0,
    "bounds": [
        0,
        0,
        0,
        0
    ]
}

---------------------------------------------------
=== REQUEST ===
Time: 2026-08-14T01:01:24.367878900
Method:
PUT

Url:
https://api.mapbox.com/datasets/v1/mihaiqtr15/cmss2bx6v3qfu1nsalzs4fno9/features/feature-num?access_token=sk.eyJ1IjoibWloYWlxdHIxNSIsImEiOiJjbXNzMXI2eGswNWIyMnlxdXZleHQ4dmg4In0.ZzBaTBpQm7M3uiZzMf3VoA

path:
/datasets/v1/mihaiqtr15/cmss2bx6v3qfu1nsalzs4fno9/features/feature-num

access-token:
sk.eyJ1IjoibWloYWlxdHIxNSIsImEiOiJjbXNzMXI2eGswNWIyMnlxdXZleHQ4dmg4In0.ZzBaTBpQm7M3uiZzMf3VoA

query-params:
{access_token=sk.eyJ1IjoibWloYWlxdHIxNSIsImEiOiJjbXNzMXI2eGswNWIyMnlxdXZleHQ4dmg4In0.ZzBaTBpQm7M3uiZzMf3VoA}

Body:
{"id":"feature-num","type":"Feature","geometry":{"type":"Point","coordinates":[174.95881,-63.399503]},"properties":{"name":"Location with numbers 123"}}

=== RESPONSE ===
Status Code:
200

Body:
{
    "type": "Feature",
    "properties": {
        "name": "Location with numbers 123"
    },
    "geometry": {
        "coordinates": [
            174.95881,
            -63.399503
        ],
        "type": "Point"
    },
    "id": "feature-num"
}

---------------------------------------------------
=== REQUEST ===
Time: 2026-08-14T01:01:24.527502900
Method:
DELETE

Url:
https://api.mapbox.com/datasets/v1/mihaiqtr15/cmss2bx6v3qfu1nsalzs4fno9?access_token=sk.eyJ1IjoibWloYWlxdHIxNSIsImEiOiJjbXNzMXI2eGswNWIyMnlxdXZleHQ4dmg4In0.ZzBaTBpQm7M3uiZzMf3VoA

path:
/datasets/v1/mihaiqtr15/cmss2bx6v3qfu1nsalzs4fno9

access-token:
sk.eyJ1IjoibWloYWlxdHIxNSIsImEiOiJjbXNzMXI2eGswNWIyMnlxdXZleHQ4dmg4In0.ZzBaTBpQm7M3uiZzMf3VoA

query-params:
{access_token=sk.eyJ1IjoibWloYWlxdHIxNSIsImEiOiJjbXNzMXI2eGswNWIyMnlxdXZleHQ4dmg4In0.ZzBaTBpQm7M3uiZzMf3VoA}

Body:


=== RESPONSE ===
Status Code:
204

Body:


---------------------------------------------------
=== REQUEST ===
Time: 2026-08-14T01:01:24.676367400
Method:
POST

Url:
https://api.mapbox.com/datasets/v1/mihaiqtr15?access_token=sk.eyJ1IjoibWloYWlxdHIxNSIsImEiOiJjbXNzMXI2eGswNWIyMnlxdXZleHQ4dmg4In0.ZzBaTBpQm7M3uiZzMf3VoA

path:
/datasets/v1/mihaiqtr15

access-token:
sk.eyJ1IjoibWloYWlxdHIxNSIsImEiOiJjbXNzMXI2eGswNWIyMnlxdXZleHQ4dmg4In0.ZzBaTBpQm7M3uiZzMf3VoA

query-params:
{access_token=sk.eyJ1IjoibWloYWlxdHIxNSIsImEiOiJjbXNzMXI2eGswNWIyMnlxdXZleHQ4dmg4In0.ZzBaTBpQm7M3uiZzMf3VoA}

Body:
{"name":"Dataset 8582","description":"Generated by DataSeeder"}

=== RESPONSE ===
Status Code:
200

Body:
{
    "owner": "mihaiqtr15",
    "id": "cmss2bxji0icv1mqwcvg15ubc",
    "name": "Dataset 8582",
    "description": "Generated by DataSeeder",
    "created": "2026-08-13T22:01:24.380Z",
    "modified": "2026-08-13T22:01:24.380Z",
    "features": 0,
    "size": 0,
    "bounds": [
        0,
        0,
        0,
        0
    ]
}

---------------------------------------------------
=== REQUEST ===
Time: 2026-08-14T01:01:24.811567500
Method:
PUT

Url:
https://api.mapbox.com/datasets/v1/mihaiqtr15/cmss2bxji0icv1mqwcvg15ubc/features/feature-special?access_token=sk.eyJ1IjoibWloYWlxdHIxNSIsImEiOiJjbXNzMXI2eGswNWIyMnlxdXZleHQ4dmg4In0.ZzBaTBpQm7M3uiZzMf3VoA

path:
/datasets/v1/mihaiqtr15/cmss2bxji0icv1mqwcvg15ubc/features/feature-special

access-token:
sk.eyJ1IjoibWloYWlxdHIxNSIsImEiOiJjbXNzMXI2eGswNWIyMnlxdXZleHQ4dmg4In0.ZzBaTBpQm7M3uiZzMf3VoA

query-params:
{access_token=sk.eyJ1IjoibWloYWlxdHIxNSIsImEiOiJjbXNzMXI2eGswNWIyMnlxdXZleHQ4dmg4In0.ZzBaTBpQm7M3uiZzMf3VoA}

Body:
{"id":"feature-special","type":"Feature","geometry":{"type":"Point","coordinates":[-28.75145,18.158147]},"properties":{"name":"Special Chars !@#$%"}}

=== RESPONSE ===
Status Code:
200

Body:
{
    "type": "Feature",
    "properties": {
        "name": "Special Chars !@#$%"
    },
    "geometry": {
        "coordinates": [
            -28.75145,
            18.158147
        ],
        "type": "Point"
    },
    "id": "feature-special"
}

---------------------------------------------------
=== REQUEST ===
Time: 2026-08-14T01:01:25.019314900
Method:
DELETE

Url:
https://api.mapbox.com/datasets/v1/mihaiqtr15/cmss2bxji0icv1mqwcvg15ubc?access_token=sk.eyJ1IjoibWloYWlxdHIxNSIsImEiOiJjbXNzMXI2eGswNWIyMnlxdXZleHQ4dmg4In0.ZzBaTBpQm7M3uiZzMf3VoA

path:
/datasets/v1/mihaiqtr15/cmss2bxji0icv1mqwcvg15ubc

access-token:
sk.eyJ1IjoibWloYWlxdHIxNSIsImEiOiJjbXNzMXI2eGswNWIyMnlxdXZleHQ4dmg4In0.ZzBaTBpQm7M3uiZzMf3VoA

query-params:
{access_token=sk.eyJ1IjoibWloYWlxdHIxNSIsImEiOiJjbXNzMXI2eGswNWIyMnlxdXZleHQ4dmg4In0.ZzBaTBpQm7M3uiZzMf3VoA}

Body:


=== RESPONSE ===
Status Code:
204

Body:


---------------------------------------------------
=== REQUEST ===
Time: 2026-08-14T01:02:01.994210600
Method:
POST

Url:
https://api.mapbox.com/datasets/v1/mihaiqtr15?access_token=sk.eyJ1IjoibWloYWlxdHIxNSIsImEiOiJjbXNzMXI2eGswNWIyMnlxdXZleHQ4dmg4In0.ZzBaTBpQm7M3uiZzMf3VoA

path:
/datasets/v1/mihaiqtr15

access-token:
sk.eyJ1IjoibWloYWlxdHIxNSIsImEiOiJjbXNzMXI2eGswNWIyMnlxdXZleHQ4dmg4In0.ZzBaTBpQm7M3uiZzMf3VoA

query-params:
{access_token=sk.eyJ1IjoibWloYWlxdHIxNSIsImEiOiJjbXNzMXI2eGswNWIyMnlxdXZleHQ4dmg4In0.ZzBaTBpQm7M3uiZzMf3VoA}

Body:
{"name":"Dataset 0520","description":"Generated by DataSeeder"}

=== RESPONSE ===
Status Code:
200

Body:
{
    "owner": "mihaiqtr15",
    "id": "cmss2cqbn009c1mphatbqkiau",
    "name": "Dataset 0520",
    "description": "Generated by DataSeeder",
    "created": "2026-08-13T22:02:01.685Z",
    "modified": "2026-08-13T22:02:01.685Z",
    "features": 0,
    "size": 0,
    "bounds": [
        0,
        0,
        0,
        0
    ]
}

---------------------------------------------------
=== REQUEST ===
Time: 2026-08-14T01:02:01.996205800
Method:
POST

Url:
https://api.mapbox.com/datasets/v1/mihaiqtr15?access_token=sk.eyJ1IjoibWloYWlxdHIxNSIsImEiOiJjbXNzMXI2eGswNWIyMnlxdXZleHQ4dmg4In0.ZzBaTBpQm7M3uiZzMf3VoA

path:
/datasets/v1/mihaiqtr15

access-token:
sk.eyJ1IjoibWloYWlxdHIxNSIsImEiOiJjbXNzMXI2eGswNWIyMnlxdXZleHQ4dmg4In0.ZzBaTBpQm7M3uiZzMf3VoA

query-params:
{access_token=sk.eyJ1IjoibWloYWlxdHIxNSIsImEiOiJjbXNzMXI2eGswNWIyMnlxdXZleHQ4dmg4In0.ZzBaTBpQm7M3uiZzMf3VoA}

Body:
{"name":"Dataset 4077","description":"Generated by DataSeeder"}

=== RESPONSE ===
Status Code:
200

Body:
{
    "owner": "mihaiqtr15",
    "id": "cmss2cqbv03hc1pjy47oi2jqo",
    "name": "Dataset 4077",
    "description": "Generated by DataSeeder",
    "created": "2026-08-13T22:02:01.692Z",
    "modified": "2026-08-13T22:02:01.692Z",
    "features": 0,
    "size": 0,
    "bounds": [
        0,
        0,
        0,
        0
    ]
}

---------------------------------------------------
=== REQUEST ===
Time: 2026-08-14T01:02:01.995207500
Method:
POST

Url:
https://api.mapbox.com/datasets/v1/mihaiqtr15?access_token=sk.eyJ1IjoibWloYWlxdHIxNSIsImEiOiJjbXNzMXI2eGswNWIyMnlxdXZleHQ4dmg4In0.ZzBaTBpQm7M3uiZzMf3VoA

path:
/datasets/v1/mihaiqtr15

access-token:
sk.eyJ1IjoibWloYWlxdHIxNSIsImEiOiJjbXNzMXI2eGswNWIyMnlxdXZleHQ4dmg4In0.ZzBaTBpQm7M3uiZzMf3VoA

query-params:
{access_token=sk.eyJ1IjoibWloYWlxdHIxNSIsImEiOiJjbXNzMXI2eGswNWIyMnlxdXZleHQ4dmg4In0.ZzBaTBpQm7M3uiZzMf3VoA}

Body:
{"name":"Dataset 3037","description":"Generated by DataSeeder"}

=== RESPONSE ===
Status Code:
200

Body:
{
    "owner": "mihaiqtr15",
    "id": "cmss2cqc203i71no1nbyy4ulq",
    "name": "Dataset 3037",
    "description": "Generated by DataSeeder",
    "created": "2026-08-13T22:02:01.696Z",
    "modified": "2026-08-13T22:02:01.696Z",
    "features": 0,
    "size": 0,
    "bounds": [
        0,
        0,
        0,
        0
    ]
}

---------------------------------------------------
=== REQUEST ===
Time: 2026-08-14T01:02:01.996205800
Method:
POST

Url:
https://api.mapbox.com/datasets/v1/mihaiqtr15?access_token=sk.eyJ1IjoibWloYWlxdHIxNSIsImEiOiJjbXNzMXI2eGswNWIyMnlxdXZleHQ4dmg4In0.ZzBaTBpQm7M3uiZzMf3VoA

path:
/datasets/v1/mihaiqtr15

access-token:
sk.eyJ1IjoibWloYWlxdHIxNSIsImEiOiJjbXNzMXI2eGswNWIyMnlxdXZleHQ4dmg4In0.ZzBaTBpQm7M3uiZzMf3VoA

query-params:
{access_token=sk.eyJ1IjoibWloYWlxdHIxNSIsImEiOiJjbXNzMXI2eGswNWIyMnlxdXZleHQ4dmg4In0.ZzBaTBpQm7M3uiZzMf3VoA}

Body:
{"name":"Dataset 2288","description":"Generated by DataSeeder"}

=== RESPONSE ===
Status Code:
200

Body:
{
    "owner": "mihaiqtr15",
    "id": "cmss2cqak00961pphfgku7j92",
    "name": "Dataset 2288",
    "description": "Generated by DataSeeder",
    "created": "2026-08-13T22:02:01.648Z",
    "modified": "2026-08-13T22:02:01.648Z",
    "features": 0,
    "size": 0,
    "bounds": [
        0,
        0,
        0,
        0
    ]
}

---------------------------------------------------
=== REQUEST ===
Time: 2026-08-14T01:02:02.022208400
Method:
POST

Url:
https://api.mapbox.com/datasets/v1/mihaiqtr15?access_token=sk.eyJ1IjoibWloYWlxdHIxNSIsImEiOiJjbXNzMXI2eGswNWIyMnlxdXZleHQ4dmg4In0.ZzBaTBpQm7M3uiZzMf3VoA

path:
/datasets/v1/mihaiqtr15

access-token:
sk.eyJ1IjoibWloYWlxdHIxNSIsImEiOiJjbXNzMXI2eGswNWIyMnlxdXZleHQ4dmg4In0.ZzBaTBpQm7M3uiZzMf3VoA

query-params:
{access_token=sk.eyJ1IjoibWloYWlxdHIxNSIsImEiOiJjbXNzMXI2eGswNWIyMnlxdXZleHQ4dmg4In0.ZzBaTBpQm7M3uiZzMf3VoA}

Body:
{"name":"Dataset 2528","description":"Generated by DataSeeder"}

=== RESPONSE ===
Status Code:
200

Body:
{
    "owner": "mihaiqtr15",
    "id": "cmss2cqapdzjp1olg1tsgf3f6",
    "name": "Dataset 2528",
    "description": "Generated by DataSeeder",
    "created": "2026-08-13T22:02:01.650Z",
    "modified": "2026-08-13T22:02:01.650Z",
    "features": 0,
    "size": 0,
    "bounds": [
        0,
        0,
        0,
        0
    ]
}

---------------------------------------------------
=== REQUEST ===
Time: 2026-08-14T01:02:03.003759700
Method:
PATCH

Url:
https://api.mapbox.com/datasets/v1/mihaiqtr15/cmss2cqak00961pphfgku7j92?access_token=sk.eyJ1IjoibWloYWlxdHIxNSIsImEiOiJjbXNzMXI2eGswNWIyMnlxdXZleHQ4dmg4In0.ZzBaTBpQm7M3uiZzMf3VoA

path:
/datasets/v1/mihaiqtr15/cmss2cqak00961pphfgku7j92

access-token:
sk.eyJ1IjoibWloYWlxdHIxNSIsImEiOiJjbXNzMXI2eGswNWIyMnlxdXZleHQ4dmg4In0.ZzBaTBpQm7M3uiZzMf3VoA

query-params:
{access_token=sk.eyJ1IjoibWloYWlxdHIxNSIsImEiOiJjbXNzMXI2eGswNWIyMnlxdXZleHQ4dmg4In0.ZzBaTBpQm7M3uiZzMf3VoA}

Body:
{"name":"Patched Dataset Name","description":"Patched description"}

=== RESPONSE ===
Status Code:
200

Body:
{
    "owner": "mihaiqtr15",
    "id": "cmss2cqak00961pphfgku7j92",
    "name": "Patched Dataset Name",
    "description": "Patched description",
    "created": "2026-08-13T22:02:01.648Z",
    "modified": "2026-08-13T22:02:02.701Z",
    "features": 0,
    "size": 0,
    "bounds": [
        0,
        0,
        0,
        0
    ]
}

---------------------------------------------------
=== REQUEST ===
Time: 2026-08-14T01:02:03.235172100
Method:
DELETE

Url:
https://api.mapbox.com/datasets/v1/mihaiqtr15/cmss2cqak00961pphfgku7j92?access_token=sk.eyJ1IjoibWloYWlxdHIxNSIsImEiOiJjbXNzMXI2eGswNWIyMnlxdXZleHQ4dmg4In0.ZzBaTBpQm7M3uiZzMf3VoA

path:
/datasets/v1/mihaiqtr15/cmss2cqak00961pphfgku7j92

access-token:
sk.eyJ1IjoibWloYWlxdHIxNSIsImEiOiJjbXNzMXI2eGswNWIyMnlxdXZleHQ4dmg4In0.ZzBaTBpQm7M3uiZzMf3VoA

query-params:
{access_token=sk.eyJ1IjoibWloYWlxdHIxNSIsImEiOiJjbXNzMXI2eGswNWIyMnlxdXZleHQ4dmg4In0.ZzBaTBpQm7M3uiZzMf3VoA}

Body:


=== RESPONSE ===
Status Code:
204

Body:


---------------------------------------------------
=== REQUEST ===
Time: 2026-08-14T01:02:03.283178300
Method:
PUT

Url:
https://api.mapbox.com/datasets/v1/mihaiqtr15/cmss2cqapdzjp1olg1tsgf3f6/features/feature-304?access_token=sk.eyJ1IjoibWloYWlxdHIxNSIsImEiOiJjbXNzMXI2eGswNWIyMnlxdXZleHQ4dmg4In0.ZzBaTBpQm7M3uiZzMf3VoA

path:
/datasets/v1/mihaiqtr15/cmss2cqapdzjp1olg1tsgf3f6/features/feature-304

access-token:
sk.eyJ1IjoibWloYWlxdHIxNSIsImEiOiJjbXNzMXI2eGswNWIyMnlxdXZleHQ4dmg4In0.ZzBaTBpQm7M3uiZzMf3VoA

query-params:
{access_token=sk.eyJ1IjoibWloYWlxdHIxNSIsImEiOiJjbXNzMXI2eGswNWIyMnlxdXZleHQ4dmg4In0.ZzBaTBpQm7M3uiZzMf3VoA}

Body:
{"id":"feature-304","type":"Feature","geometry":{"type":"Point","coordinates":[-146.77545,19.456849]},"properties":{"name":"North Tyrahaven"}}

=== RESPONSE ===
Status Code:
200

Body:
{
    "type": "Feature",
    "properties": {
        "name": "North Tyrahaven"
    },
    "geometry": {
        "coordinates": [
            -146.77545,
            19.456849
        ],
        "type": "Point"
    },
    "id": "feature-304"
}

---------------------------------------------------
=== REQUEST ===
Time: 2026-08-14T01:02:03.304164500
Method:
PUT

Url:
https://api.mapbox.com/datasets/v1/mihaiqtr15/cmss2cqc203i71no1nbyy4ulq/features/feature-invalid?access_token=sk.eyJ1IjoibWloYWlxdHIxNSIsImEiOiJjbXNzMXI2eGswNWIyMnlxdXZleHQ4dmg4In0.ZzBaTBpQm7M3uiZzMf3VoA&access_token=invalid_token_123

path:
/datasets/v1/mihaiqtr15/cmss2cqc203i71no1nbyy4ulq/features/feature-invalid

access-token:
[sk.eyJ1IjoibWloYWlxdHIxNSIsImEiOiJjbXNzMXI2eGswNWIyMnlxdXZleHQ4dmg4In0.ZzBaTBpQm7M3uiZzMf3VoA, invalid_token_123]

query-params:
{access_token=[sk.eyJ1IjoibWloYWlxdHIxNSIsImEiOiJjbXNzMXI2eGswNWIyMnlxdXZleHQ4dmg4In0.ZzBaTBpQm7M3uiZzMf3VoA, invalid_token_123]}

Body:
{"id":"feature-invalid","type":"Feature","geometry":{"type":"Point","coordinates":[8.8339234,-73.996101]},"properties":{"name":"South Jenimouth"}}

=== RESPONSE ===
Status Code:
401

Body:
{
    "message": "Not Authorized - Invalid Token"
}

---------------------------------------------------
=== REQUEST ===
Time: 2026-08-14T01:02:03.395381500
Method:
PUT

Url:
https://api.mapbox.com/datasets/v1/mihaiqtr15/cmss2cqbv03hc1pjy47oi2jqo/features/feature-to-update?access_token=sk.eyJ1IjoibWloYWlxdHIxNSIsImEiOiJjbXNzMXI2eGswNWIyMnlxdXZleHQ4dmg4In0.ZzBaTBpQm7M3uiZzMf3VoA

path:
/datasets/v1/mihaiqtr15/cmss2cqbv03hc1pjy47oi2jqo/features/feature-to-update

access-token:
sk.eyJ1IjoibWloYWlxdHIxNSIsImEiOiJjbXNzMXI2eGswNWIyMnlxdXZleHQ4dmg4In0.ZzBaTBpQm7M3uiZzMf3VoA

query-params:
{access_token=sk.eyJ1IjoibWloYWlxdHIxNSIsImEiOiJjbXNzMXI2eGswNWIyMnlxdXZleHQ4dmg4In0.ZzBaTBpQm7M3uiZzMf3VoA}

Body:
{"id":"feature-to-update","type":"Feature","geometry":{"type":"Point","coordinates":[-159.15428,46.132125]},"properties":{"name":"Webertown"}}

=== RESPONSE ===
Status Code:
200

Body:
{
    "type": "Feature",
    "properties": {
        "name": "Webertown"
    },
    "geometry": {
        "coordinates": [
            -159.15428,
            46.132125
        ],
        "type": "Point"
    },
    "id": "feature-to-update"
}

---------------------------------------------------
=== REQUEST ===
Time: 2026-08-14T01:02:03.411385700
Method:
GET

Url:
https://api.mapbox.com/datasets/v1/mihaiqtr15/cmss2cqapdzjp1olg1tsgf3f6/features/feature-304?access_token=sk.eyJ1IjoibWloYWlxdHIxNSIsImEiOiJjbXNzMXI2eGswNWIyMnlxdXZleHQ4dmg4In0.ZzBaTBpQm7M3uiZzMf3VoA

path:
/datasets/v1/mihaiqtr15/cmss2cqapdzjp1olg1tsgf3f6/features/feature-304

access-token:
sk.eyJ1IjoibWloYWlxdHIxNSIsImEiOiJjbXNzMXI2eGswNWIyMnlxdXZleHQ4dmg4In0.ZzBaTBpQm7M3uiZzMf3VoA

query-params:
{access_token=sk.eyJ1IjoibWloYWlxdHIxNSIsImEiOiJjbXNzMXI2eGswNWIyMnlxdXZleHQ4dmg4In0.ZzBaTBpQm7M3uiZzMf3VoA}

Body:


=== RESPONSE ===
Status Code:
304

Body:


---------------------------------------------------
=== REQUEST ===
Time: 2026-08-14T01:02:03.453390400
Method:
PUT

Url:
https://api.mapbox.com/datasets/v1/mihaiqtr15/cmss2cqbn009c1mphatbqkiau/features/feature-std?access_token=sk.eyJ1IjoibWloYWlxdHIxNSIsImEiOiJjbXNzMXI2eGswNWIyMnlxdXZleHQ4dmg4In0.ZzBaTBpQm7M3uiZzMf3VoA

path:
/datasets/v1/mihaiqtr15/cmss2cqbn009c1mphatbqkiau/features/feature-std

access-token:
sk.eyJ1IjoibWloYWlxdHIxNSIsImEiOiJjbXNzMXI2eGswNWIyMnlxdXZleHQ4dmg4In0.ZzBaTBpQm7M3uiZzMf3VoA

query-params:
{access_token=sk.eyJ1IjoibWloYWlxdHIxNSIsImEiOiJjbXNzMXI2eGswNWIyMnlxdXZleHQ4dmg4In0.ZzBaTBpQm7M3uiZzMf3VoA}

Body:
{"id":"feature-std","type":"Feature","geometry":{"type":"Point","coordinates":[-53.230629,44.89103]},"properties":{"name":"Standard Location"}}

=== RESPONSE ===
Status Code:
200

Body:
{
    "type": "Feature",
    "properties": {
        "name": "Standard Location"
    },
    "geometry": {
        "coordinates": [
            -53.230629,
            44.89103
        ],
        "type": "Point"
    },
    "id": "feature-std"
}

---------------------------------------------------
=== REQUEST ===
Time: 2026-08-14T01:02:03.466385800
Method:
DELETE

Url:
https://api.mapbox.com/datasets/v1/mihaiqtr15/cmss2cqc203i71no1nbyy4ulq?access_token=sk.eyJ1IjoibWloYWlxdHIxNSIsImEiOiJjbXNzMXI2eGswNWIyMnlxdXZleHQ4dmg4In0.ZzBaTBpQm7M3uiZzMf3VoA

path:
/datasets/v1/mihaiqtr15/cmss2cqc203i71no1nbyy4ulq

access-token:
sk.eyJ1IjoibWloYWlxdHIxNSIsImEiOiJjbXNzMXI2eGswNWIyMnlxdXZleHQ4dmg4In0.ZzBaTBpQm7M3uiZzMf3VoA

query-params:
{access_token=sk.eyJ1IjoibWloYWlxdHIxNSIsImEiOiJjbXNzMXI2eGswNWIyMnlxdXZleHQ4dmg4In0.ZzBaTBpQm7M3uiZzMf3VoA}

Body:


=== RESPONSE ===
Status Code:
204

Body:


---------------------------------------------------
=== REQUEST ===
Time: 2026-08-14T01:02:03.520389700
Method:
PUT

Url:
https://api.mapbox.com/datasets/v1/mihaiqtr15/cmss2cqbv03hc1pjy47oi2jqo/features/feature-to-update?access_token=sk.eyJ1IjoibWloYWlxdHIxNSIsImEiOiJjbXNzMXI2eGswNWIyMnlxdXZleHQ4dmg4In0.ZzBaTBpQm7M3uiZzMf3VoA

path:
/datasets/v1/mihaiqtr15/cmss2cqbv03hc1pjy47oi2jqo/features/feature-to-update

access-token:
sk.eyJ1IjoibWloYWlxdHIxNSIsImEiOiJjbXNzMXI2eGswNWIyMnlxdXZleHQ4dmg4In0.ZzBaTBpQm7M3uiZzMf3VoA

query-params:
{access_token=sk.eyJ1IjoibWloYWlxdHIxNSIsImEiOiJjbXNzMXI2eGswNWIyMnlxdXZleHQ4dmg4In0.ZzBaTBpQm7M3uiZzMf3VoA}

Body:
{"id":"feature-to-update","type":"Feature","geometry":{"type":"Point","coordinates":[-159.15428,46.132125]},"properties":{"name":"Updated Location Name"}}

=== RESPONSE ===
Status Code:
200

Body:
{
    "type": "Feature",
    "properties": {
        "name": "Updated Location Name"
    },
    "geometry": {
        "coordinates": [
            -159.15428,
            46.132125
        ],
        "type": "Point"
    },
    "id": "feature-to-update"
}

---------------------------------------------------
=== REQUEST ===
Time: 2026-08-14T01:02:03.562385700
Method:
DELETE

Url:
https://api.mapbox.com/datasets/v1/mihaiqtr15/cmss2cqapdzjp1olg1tsgf3f6?access_token=sk.eyJ1IjoibWloYWlxdHIxNSIsImEiOiJjbXNzMXI2eGswNWIyMnlxdXZleHQ4dmg4In0.ZzBaTBpQm7M3uiZzMf3VoA

path:
/datasets/v1/mihaiqtr15/cmss2cqapdzjp1olg1tsgf3f6

access-token:
sk.eyJ1IjoibWloYWlxdHIxNSIsImEiOiJjbXNzMXI2eGswNWIyMnlxdXZleHQ4dmg4In0.ZzBaTBpQm7M3uiZzMf3VoA

query-params:
{access_token=sk.eyJ1IjoibWloYWlxdHIxNSIsImEiOiJjbXNzMXI2eGswNWIyMnlxdXZleHQ4dmg4In0.ZzBaTBpQm7M3uiZzMf3VoA}

Body:


=== RESPONSE ===
Status Code:
204

Body:


---------------------------------------------------
=== REQUEST ===
Time: 2026-08-14T01:02:03.699641800
Method:
DELETE

Url:
https://api.mapbox.com/datasets/v1/mihaiqtr15/cmss2cqbv03hc1pjy47oi2jqo?access_token=sk.eyJ1IjoibWloYWlxdHIxNSIsImEiOiJjbXNzMXI2eGswNWIyMnlxdXZleHQ4dmg4In0.ZzBaTBpQm7M3uiZzMf3VoA

path:
/datasets/v1/mihaiqtr15/cmss2cqbv03hc1pjy47oi2jqo

access-token:
sk.eyJ1IjoibWloYWlxdHIxNSIsImEiOiJjbXNzMXI2eGswNWIyMnlxdXZleHQ4dmg4In0.ZzBaTBpQm7M3uiZzMf3VoA

query-params:
{access_token=sk.eyJ1IjoibWloYWlxdHIxNSIsImEiOiJjbXNzMXI2eGswNWIyMnlxdXZleHQ4dmg4In0.ZzBaTBpQm7M3uiZzMf3VoA}

Body:


=== RESPONSE ===
Status Code:
204

Body:


---------------------------------------------------
=== REQUEST ===
Time: 2026-08-14T01:02:04.081631100
Method:
DELETE

Url:
https://api.mapbox.com/datasets/v1/mihaiqtr15/cmss2cqbn009c1mphatbqkiau?access_token=sk.eyJ1IjoibWloYWlxdHIxNSIsImEiOiJjbXNzMXI2eGswNWIyMnlxdXZleHQ4dmg4In0.ZzBaTBpQm7M3uiZzMf3VoA

path:
/datasets/v1/mihaiqtr15/cmss2cqbn009c1mphatbqkiau

access-token:
sk.eyJ1IjoibWloYWlxdHIxNSIsImEiOiJjbXNzMXI2eGswNWIyMnlxdXZleHQ4dmg4In0.ZzBaTBpQm7M3uiZzMf3VoA

query-params:
{access_token=sk.eyJ1IjoibWloYWlxdHIxNSIsImEiOiJjbXNzMXI2eGswNWIyMnlxdXZleHQ4dmg4In0.ZzBaTBpQm7M3uiZzMf3VoA}

Body:


=== RESPONSE ===
Status Code:
204

Body:


---------------------------------------------------
=== REQUEST ===
Time: 2026-08-14T01:02:04.231884
Method:
POST

Url:
https://api.mapbox.com/datasets/v1/mihaiqtr15?access_token=sk.eyJ1IjoibWloYWlxdHIxNSIsImEiOiJjbXNzMXI2eGswNWIyMnlxdXZleHQ4dmg4In0.ZzBaTBpQm7M3uiZzMf3VoA

path:
/datasets/v1/mihaiqtr15

access-token:
sk.eyJ1IjoibWloYWlxdHIxNSIsImEiOiJjbXNzMXI2eGswNWIyMnlxdXZleHQ4dmg4In0.ZzBaTBpQm7M3uiZzMf3VoA

query-params:
{access_token=sk.eyJ1IjoibWloYWlxdHIxNSIsImEiOiJjbXNzMXI2eGswNWIyMnlxdXZleHQ4dmg4In0.ZzBaTBpQm7M3uiZzMf3VoA}

Body:
{"name":"Dataset 2706","description":"Generated by DataSeeder"}

=== RESPONSE ===
Status Code:
200

Body:
{
    "owner": "mihaiqtr15",
    "id": "cmss2cs2406y11pnygqejt81z",
    "name": "Dataset 2706",
    "description": "Generated by DataSeeder",
    "created": "2026-08-13T22:02:03.930Z",
    "modified": "2026-08-13T22:02:03.930Z",
    "features": 0,
    "size": 0,
    "bounds": [
        0,
        0,
        0,
        0
    ]
}

---------------------------------------------------
=== REQUEST ===
Time: 2026-08-14T01:02:04.348883200
Method:
PUT

Url:
https://api.mapbox.com/datasets/v1/mihaiqtr15/cmss2cs2406y11pnygqejt81z/features/feature-num?access_token=sk.eyJ1IjoibWloYWlxdHIxNSIsImEiOiJjbXNzMXI2eGswNWIyMnlxdXZleHQ4dmg4In0.ZzBaTBpQm7M3uiZzMf3VoA

path:
/datasets/v1/mihaiqtr15/cmss2cs2406y11pnygqejt81z/features/feature-num

access-token:
sk.eyJ1IjoibWloYWlxdHIxNSIsImEiOiJjbXNzMXI2eGswNWIyMnlxdXZleHQ4dmg4In0.ZzBaTBpQm7M3uiZzMf3VoA

query-params:
{access_token=sk.eyJ1IjoibWloYWlxdHIxNSIsImEiOiJjbXNzMXI2eGswNWIyMnlxdXZleHQ4dmg4In0.ZzBaTBpQm7M3uiZzMf3VoA}

Body:
{"id":"feature-num","type":"Feature","geometry":{"type":"Point","coordinates":[-54.671463,-14.368479]},"properties":{"name":"Location with numbers 123"}}

=== RESPONSE ===
Status Code:
200

Body:
{
    "type": "Feature",
    "properties": {
        "name": "Location with numbers 123"
    },
    "geometry": {
        "coordinates": [
            -54.671463,
            -14.368479
        ],
        "type": "Point"
    },
    "id": "feature-num"
}

---------------------------------------------------
=== REQUEST ===
Time: 2026-08-14T01:02:04.480351500
Method:
DELETE

Url:
https://api.mapbox.com/datasets/v1/mihaiqtr15/cmss2cs2406y11pnygqejt81z?access_token=sk.eyJ1IjoibWloYWlxdHIxNSIsImEiOiJjbXNzMXI2eGswNWIyMnlxdXZleHQ4dmg4In0.ZzBaTBpQm7M3uiZzMf3VoA

path:
/datasets/v1/mihaiqtr15/cmss2cs2406y11pnygqejt81z

access-token:
sk.eyJ1IjoibWloYWlxdHIxNSIsImEiOiJjbXNzMXI2eGswNWIyMnlxdXZleHQ4dmg4In0.ZzBaTBpQm7M3uiZzMf3VoA

query-params:
{access_token=sk.eyJ1IjoibWloYWlxdHIxNSIsImEiOiJjbXNzMXI2eGswNWIyMnlxdXZleHQ4dmg4In0.ZzBaTBpQm7M3uiZzMf3VoA}

Body:


=== RESPONSE ===
Status Code:
204

Body:


---------------------------------------------------
=== REQUEST ===
Time: 2026-08-14T01:02:04.636903600
Method:
POST

Url:
https://api.mapbox.com/datasets/v1/mihaiqtr15?access_token=sk.eyJ1IjoibWloYWlxdHIxNSIsImEiOiJjbXNzMXI2eGswNWIyMnlxdXZleHQ4dmg4In0.ZzBaTBpQm7M3uiZzMf3VoA

path:
/datasets/v1/mihaiqtr15

access-token:
sk.eyJ1IjoibWloYWlxdHIxNSIsImEiOiJjbXNzMXI2eGswNWIyMnlxdXZleHQ4dmg4In0.ZzBaTBpQm7M3uiZzMf3VoA

query-params:
{access_token=sk.eyJ1IjoibWloYWlxdHIxNSIsImEiOiJjbXNzMXI2eGswNWIyMnlxdXZleHQ4dmg4In0.ZzBaTBpQm7M3uiZzMf3VoA}

Body:
{"name":"Dataset 3805","description":"Generated by DataSeeder"}

=== RESPONSE ===
Status Code:
200

Body:
{
    "owner": "mihaiqtr15",
    "id": "cmss2csd7e16d1np7b70bcthr",
    "name": "Dataset 3805",
    "description": "Generated by DataSeeder",
    "created": "2026-08-13T22:02:04.335Z",
    "modified": "2026-08-13T22:02:04.335Z",
    "features": 0,
    "size": 0,
    "bounds": [
        0,
        0,
        0,
        0
    ]
}

---------------------------------------------------
=== REQUEST ===
Time: 2026-08-14T01:02:04.752902900
Method:
PUT

Url:
https://api.mapbox.com/datasets/v1/mihaiqtr15/cmss2csd7e16d1np7b70bcthr/features/feature-special?access_token=sk.eyJ1IjoibWloYWlxdHIxNSIsImEiOiJjbXNzMXI2eGswNWIyMnlxdXZleHQ4dmg4In0.ZzBaTBpQm7M3uiZzMf3VoA

path:
/datasets/v1/mihaiqtr15/cmss2csd7e16d1np7b70bcthr/features/feature-special

access-token:
sk.eyJ1IjoibWloYWlxdHIxNSIsImEiOiJjbXNzMXI2eGswNWIyMnlxdXZleHQ4dmg4In0.ZzBaTBpQm7M3uiZzMf3VoA

query-params:
{access_token=sk.eyJ1IjoibWloYWlxdHIxNSIsImEiOiJjbXNzMXI2eGswNWIyMnlxdXZleHQ4dmg4In0.ZzBaTBpQm7M3uiZzMf3VoA}

Body:
{"id":"feature-special","type":"Feature","geometry":{"type":"Point","coordinates":[165.01849,-69.125581]},"properties":{"name":"Special Chars !@#$%"}}

=== RESPONSE ===
Status Code:
200

Body:
{
    "type": "Feature",
    "properties": {
        "name": "Special Chars !@#$%"
    },
    "geometry": {
        "coordinates": [
            165.01849,
            -69.125581
        ],
        "type": "Point"
    },
    "id": "feature-special"
}

---------------------------------------------------
=== REQUEST ===
Time: 2026-08-14T01:02:04.926124200
Method:
DELETE

Url:
https://api.mapbox.com/datasets/v1/mihaiqtr15/cmss2csd7e16d1np7b70bcthr?access_token=sk.eyJ1IjoibWloYWlxdHIxNSIsImEiOiJjbXNzMXI2eGswNWIyMnlxdXZleHQ4dmg4In0.ZzBaTBpQm7M3uiZzMf3VoA

path:
/datasets/v1/mihaiqtr15/cmss2csd7e16d1np7b70bcthr

access-token:
sk.eyJ1IjoibWloYWlxdHIxNSIsImEiOiJjbXNzMXI2eGswNWIyMnlxdXZleHQ4dmg4In0.ZzBaTBpQm7M3uiZzMf3VoA

query-params:
{access_token=sk.eyJ1IjoibWloYWlxdHIxNSIsImEiOiJjbXNzMXI2eGswNWIyMnlxdXZleHQ4dmg4In0.ZzBaTBpQm7M3uiZzMf3VoA}

Body:


=== RESPONSE ===
Status Code:
204

Body:


---------------------------------------------------
=== REQUEST ===
Time: 2026-08-17T14:22:16.038760200
Method:
POST

Url:
https://api.mapbox.com/datasets/v1/mihaiqtr15?access_token=sk.eyJ1IjoibWloYWlxdHIxNSIsImEiOiJjbXNzMXI2eGswNWIyMnlxdXZleHQ4dmg4In0.ZzBaTBpQm7M3uiZzMf3VoA

path:
/datasets/v1/mihaiqtr15

access-token:
sk.eyJ1IjoibWloYWlxdHIxNSIsImEiOiJjbXNzMXI2eGswNWIyMnlxdXZleHQ4dmg4In0.ZzBaTBpQm7M3uiZzMf3VoA

query-params:
{access_token=sk.eyJ1IjoibWloYWlxdHIxNSIsImEiOiJjbXNzMXI2eGswNWIyMnlxdXZleHQ4dmg4In0.ZzBaTBpQm7M3uiZzMf3VoA}

Body:
{"name":"Dataset 3750","description":"Generated by DataSeeder"}

=== RESPONSE ===
Status Code:
200

Body:
{
    "owner": "mihaiqtr15",
    "id": "cmsx59e2e5sjj1pp93ash855d",
    "name": "Dataset 3750",
    "description": "Generated by DataSeeder",
    "created": "2026-08-17T11:22:15.558Z",
    "modified": "2026-08-17T11:22:15.558Z",
    "features": 0,
    "size": 0,
    "bounds": [
        0,
        0,
        0,
        0
    ]
}

---------------------------------------------------
=== REQUEST ===
Time: 2026-08-17T14:22:16.043762300
Method:
POST

Url:
https://api.mapbox.com/datasets/v1/mihaiqtr15?access_token=sk.eyJ1IjoibWloYWlxdHIxNSIsImEiOiJjbXNzMXI2eGswNWIyMnlxdXZleHQ4dmg4In0.ZzBaTBpQm7M3uiZzMf3VoA

path:
/datasets/v1/mihaiqtr15

access-token:
sk.eyJ1IjoibWloYWlxdHIxNSIsImEiOiJjbXNzMXI2eGswNWIyMnlxdXZleHQ4dmg4In0.ZzBaTBpQm7M3uiZzMf3VoA

query-params:
{access_token=sk.eyJ1IjoibWloYWlxdHIxNSIsImEiOiJjbXNzMXI2eGswNWIyMnlxdXZleHQ4dmg4In0.ZzBaTBpQm7M3uiZzMf3VoA}

Body:
{"name":"Dataset 0156","description":"Generated by DataSeeder"}

=== RESPONSE ===
Status Code:
200

Body:
{
    "owner": "mihaiqtr15",
    "id": "cmsx59e2p4x6f1osaicdaq7bk",
    "name": "Dataset 0156",
    "description": "Generated by DataSeeder",
    "created": "2026-08-17T11:22:15.568Z",
    "modified": "2026-08-17T11:22:15.568Z",
    "features": 0,
    "size": 0,
    "bounds": [
        0,
        0,
        0,
        0
    ]
}

---------------------------------------------------
=== REQUEST ===
Time: 2026-08-17T14:22:16.052767400
Method:
POST

Url:
https://api.mapbox.com/datasets/v1/mihaiqtr15?access_token=sk.eyJ1IjoibWloYWlxdHIxNSIsImEiOiJjbXNzMXI2eGswNWIyMnlxdXZleHQ4dmg4In0.ZzBaTBpQm7M3uiZzMf3VoA

path:
/datasets/v1/mihaiqtr15

access-token:
sk.eyJ1IjoibWloYWlxdHIxNSIsImEiOiJjbXNzMXI2eGswNWIyMnlxdXZleHQ4dmg4In0.ZzBaTBpQm7M3uiZzMf3VoA

query-params:
{access_token=sk.eyJ1IjoibWloYWlxdHIxNSIsImEiOiJjbXNzMXI2eGswNWIyMnlxdXZleHQ4dmg4In0.ZzBaTBpQm7M3uiZzMf3VoA}

Body:
{"name":"Dataset 2466","description":"Generated by DataSeeder"}

=== RESPONSE ===
Status Code:
200

Body:
{
    "owner": "mihaiqtr15",
    "id": "cmsx59e2qf6v21plgu6lo84vt",
    "name": "Dataset 2466",
    "description": "Generated by DataSeeder",
    "created": "2026-08-17T11:22:15.576Z",
    "modified": "2026-08-17T11:22:15.576Z",
    "features": 0,
    "size": 0,
    "bounds": [
        0,
        0,
        0,
        0
    ]
}

---------------------------------------------------
=== REQUEST ===
Time: 2026-08-17T14:22:16.068757400
Method:
POST

Url:
https://api.mapbox.com/datasets/v1/mihaiqtr15?access_token=sk.eyJ1IjoibWloYWlxdHIxNSIsImEiOiJjbXNzMXI2eGswNWIyMnlxdXZleHQ4dmg4In0.ZzBaTBpQm7M3uiZzMf3VoA

path:
/datasets/v1/mihaiqtr15

access-token:
sk.eyJ1IjoibWloYWlxdHIxNSIsImEiOiJjbXNzMXI2eGswNWIyMnlxdXZleHQ4dmg4In0.ZzBaTBpQm7M3uiZzMf3VoA

query-params:
{access_token=sk.eyJ1IjoibWloYWlxdHIxNSIsImEiOiJjbXNzMXI2eGswNWIyMnlxdXZleHQ4dmg4In0.ZzBaTBpQm7M3uiZzMf3VoA}

Body:
{"name":"Dataset 1188","description":"Generated by DataSeeder"}

=== RESPONSE ===
Status Code:
200

Body:
{
    "owner": "mihaiqtr15",
    "id": "cmsx59e3934jw1mmz56nypi5h",
    "name": "Dataset 1188",
    "description": "Generated by DataSeeder",
    "created": "2026-08-17T11:22:15.590Z",
    "modified": "2026-08-17T11:22:15.590Z",
    "features": 0,
    "size": 0,
    "bounds": [
        0,
        0,
        0,
        0
    ]
}

---------------------------------------------------
=== REQUEST ===
Time: 2026-08-17T14:22:16.085763900
Method:
POST

Url:
https://api.mapbox.com/datasets/v1/mihaiqtr15?access_token=sk.eyJ1IjoibWloYWlxdHIxNSIsImEiOiJjbXNzMXI2eGswNWIyMnlxdXZleHQ4dmg4In0.ZzBaTBpQm7M3uiZzMf3VoA

path:
/datasets/v1/mihaiqtr15

access-token:
sk.eyJ1IjoibWloYWlxdHIxNSIsImEiOiJjbXNzMXI2eGswNWIyMnlxdXZleHQ4dmg4In0.ZzBaTBpQm7M3uiZzMf3VoA

query-params:
{access_token=sk.eyJ1IjoibWloYWlxdHIxNSIsImEiOiJjbXNzMXI2eGswNWIyMnlxdXZleHQ4dmg4In0.ZzBaTBpQm7M3uiZzMf3VoA}

Body:
{"name":"Dataset 7515","description":"Generated by DataSeeder"}

=== RESPONSE ===
Status Code:
200

Body:
{
    "owner": "mihaiqtr15",
    "id": "cmsx59e2203hf1ns3hw3r4723",
    "name": "Dataset 7515",
    "description": "Generated by DataSeeder",
    "created": "2026-08-17T11:22:15.544Z",
    "modified": "2026-08-17T11:22:15.544Z",
    "features": 0,
    "size": 0,
    "bounds": [
        0,
        0,
        0,
        0
    ]
}

---------------------------------------------------
=== REQUEST ===
Time: 2026-08-17T14:22:17.113262800
Method:
PATCH

Url:
https://api.mapbox.com/datasets/v1/mihaiqtr15/cmsx59e3934jw1mmz56nypi5h?access_token=sk.eyJ1IjoibWloYWlxdHIxNSIsImEiOiJjbXNzMXI2eGswNWIyMnlxdXZleHQ4dmg4In0.ZzBaTBpQm7M3uiZzMf3VoA

path:
/datasets/v1/mihaiqtr15/cmsx59e3934jw1mmz56nypi5h

access-token:
sk.eyJ1IjoibWloYWlxdHIxNSIsImEiOiJjbXNzMXI2eGswNWIyMnlxdXZleHQ4dmg4In0.ZzBaTBpQm7M3uiZzMf3VoA

query-params:
{access_token=sk.eyJ1IjoibWloYWlxdHIxNSIsImEiOiJjbXNzMXI2eGswNWIyMnlxdXZleHQ4dmg4In0.ZzBaTBpQm7M3uiZzMf3VoA}

Body:
{"name":"Patched Dataset Name","description":"Patched description"}

=== RESPONSE ===
Status Code:
200

Body:
{
    "owner": "mihaiqtr15",
    "id": "cmsx59e3934jw1mmz56nypi5h",
    "name": "Patched Dataset Name",
    "description": "Patched description",
    "created": "2026-08-17T11:22:15.590Z",
    "modified": "2026-08-17T11:22:16.643Z",
    "features": 0,
    "size": 0,
    "bounds": [
        0,
        0,
        0,
        0
    ]
}

---------------------------------------------------
=== REQUEST ===
Time: 2026-08-17T14:22:17.433549200
Method:
DELETE

Url:
https://api.mapbox.com/datasets/v1/mihaiqtr15/cmsx59e3934jw1mmz56nypi5h?access_token=sk.eyJ1IjoibWloYWlxdHIxNSIsImEiOiJjbXNzMXI2eGswNWIyMnlxdXZleHQ4dmg4In0.ZzBaTBpQm7M3uiZzMf3VoA

path:
/datasets/v1/mihaiqtr15/cmsx59e3934jw1mmz56nypi5h

access-token:
sk.eyJ1IjoibWloYWlxdHIxNSIsImEiOiJjbXNzMXI2eGswNWIyMnlxdXZleHQ4dmg4In0.ZzBaTBpQm7M3uiZzMf3VoA

query-params:
{access_token=sk.eyJ1IjoibWloYWlxdHIxNSIsImEiOiJjbXNzMXI2eGswNWIyMnlxdXZleHQ4dmg4In0.ZzBaTBpQm7M3uiZzMf3VoA}

Body:


=== RESPONSE ===
Status Code:
204

Body:


---------------------------------------------------
=== REQUEST ===
Time: 2026-08-17T14:22:17.451554200
Method:
PUT

Url:
https://api.mapbox.com/datasets/v1/mihaiqtr15/cmsx59e2qf6v21plgu6lo84vt/features/feature-304?access_token=sk.eyJ1IjoibWloYWlxdHIxNSIsImEiOiJjbXNzMXI2eGswNWIyMnlxdXZleHQ4dmg4In0.ZzBaTBpQm7M3uiZzMf3VoA

path:
/datasets/v1/mihaiqtr15/cmsx59e2qf6v21plgu6lo84vt/features/feature-304

access-token:
sk.eyJ1IjoibWloYWlxdHIxNSIsImEiOiJjbXNzMXI2eGswNWIyMnlxdXZleHQ4dmg4In0.ZzBaTBpQm7M3uiZzMf3VoA

query-params:
{access_token=sk.eyJ1IjoibWloYWlxdHIxNSIsImEiOiJjbXNzMXI2eGswNWIyMnlxdXZleHQ4dmg4In0.ZzBaTBpQm7M3uiZzMf3VoA}

Body:
{"id":"feature-304","type":"Feature","geometry":{"type":"Point","coordinates":[163.92239,-63.589138]},"properties":{"name":"North Lonny"}}

=== RESPONSE ===
Status Code:
200

Body:
{
    "type": "Feature",
    "properties": {
        "name": "North Lonny"
    },
    "geometry": {
        "coordinates": [
            163.92239,
            -63.589138
        ],
        "type": "Point"
    },
    "id": "feature-304"
}

---------------------------------------------------
=== REQUEST ===
Time: 2026-08-17T14:22:17.482553800
Method:
PUT

Url:
https://api.mapbox.com/datasets/v1/mihaiqtr15/cmsx59e2203hf1ns3hw3r4723/features/feature-invalid?access_token=sk.eyJ1IjoibWloYWlxdHIxNSIsImEiOiJjbXNzMXI2eGswNWIyMnlxdXZleHQ4dmg4In0.ZzBaTBpQm7M3uiZzMf3VoA&access_token=invalid_token_123

path:
/datasets/v1/mihaiqtr15/cmsx59e2203hf1ns3hw3r4723/features/feature-invalid

access-token:
[sk.eyJ1IjoibWloYWlxdHIxNSIsImEiOiJjbXNzMXI2eGswNWIyMnlxdXZleHQ4dmg4In0.ZzBaTBpQm7M3uiZzMf3VoA, invalid_token_123]

query-params:
{access_token=[sk.eyJ1IjoibWloYWlxdHIxNSIsImEiOiJjbXNzMXI2eGswNWIyMnlxdXZleHQ4dmg4In0.ZzBaTBpQm7M3uiZzMf3VoA, invalid_token_123]}

Body:
{"id":"feature-invalid","type":"Feature","geometry":{"type":"Point","coordinates":[53.121215,-52.890633]},"properties":{"name":"Perlashire"}}

=== RESPONSE ===
Status Code:
401

Body:
{
    "message": "Not Authorized - Invalid Token"
}

---------------------------------------------------
=== REQUEST ===
Time: 2026-08-17T14:22:17.572554
Method:
GET

Url:
https://api.mapbox.com/datasets/v1/mihaiqtr15/cmsx59e2qf6v21plgu6lo84vt/features/feature-304?access_token=sk.eyJ1IjoibWloYWlxdHIxNSIsImEiOiJjbXNzMXI2eGswNWIyMnlxdXZleHQ4dmg4In0.ZzBaTBpQm7M3uiZzMf3VoA

path:
/datasets/v1/mihaiqtr15/cmsx59e2qf6v21plgu6lo84vt/features/feature-304

access-token:
sk.eyJ1IjoibWloYWlxdHIxNSIsImEiOiJjbXNzMXI2eGswNWIyMnlxdXZleHQ4dmg4In0.ZzBaTBpQm7M3uiZzMf3VoA

query-params:
{access_token=sk.eyJ1IjoibWloYWlxdHIxNSIsImEiOiJjbXNzMXI2eGswNWIyMnlxdXZleHQ4dmg4In0.ZzBaTBpQm7M3uiZzMf3VoA}

Body:


=== RESPONSE ===
Status Code:
304

Body:


---------------------------------------------------
=== REQUEST ===
Time: 2026-08-17T14:22:17.646474500
Method:
DELETE

Url:
https://api.mapbox.com/datasets/v1/mihaiqtr15/cmsx59e2203hf1ns3hw3r4723?access_token=sk.eyJ1IjoibWloYWlxdHIxNSIsImEiOiJjbXNzMXI2eGswNWIyMnlxdXZleHQ4dmg4In0.ZzBaTBpQm7M3uiZzMf3VoA

path:
/datasets/v1/mihaiqtr15/cmsx59e2203hf1ns3hw3r4723

access-token:
sk.eyJ1IjoibWloYWlxdHIxNSIsImEiOiJjbXNzMXI2eGswNWIyMnlxdXZleHQ4dmg4In0.ZzBaTBpQm7M3uiZzMf3VoA

query-params:
{access_token=sk.eyJ1IjoibWloYWlxdHIxNSIsImEiOiJjbXNzMXI2eGswNWIyMnlxdXZleHQ4dmg4In0.ZzBaTBpQm7M3uiZzMf3VoA}

Body:


=== RESPONSE ===
Status Code:
204

Body:


---------------------------------------------------
=== REQUEST ===
Time: 2026-08-17T14:22:17.692474400
Method:
PUT

Url:
https://api.mapbox.com/datasets/v1/mihaiqtr15/cmsx59e2p4x6f1osaicdaq7bk/features/feature-std?access_token=sk.eyJ1IjoibWloYWlxdHIxNSIsImEiOiJjbXNzMXI2eGswNWIyMnlxdXZleHQ4dmg4In0.ZzBaTBpQm7M3uiZzMf3VoA

path:
/datasets/v1/mihaiqtr15/cmsx59e2p4x6f1osaicdaq7bk/features/feature-std

access-token:
sk.eyJ1IjoibWloYWlxdHIxNSIsImEiOiJjbXNzMXI2eGswNWIyMnlxdXZleHQ4dmg4In0.ZzBaTBpQm7M3uiZzMf3VoA

query-params:
{access_token=sk.eyJ1IjoibWloYWlxdHIxNSIsImEiOiJjbXNzMXI2eGswNWIyMnlxdXZleHQ4dmg4In0.ZzBaTBpQm7M3uiZzMf3VoA}

Body:
{"id":"feature-std","type":"Feature","geometry":{"type":"Point","coordinates":[-64.291173,20.728891]},"properties":{"name":"Standard Location"}}

=== RESPONSE ===
Status Code:
200

Body:
{
    "type": "Feature",
    "properties": {
        "name": "Standard Location"
    },
    "geometry": {
        "coordinates": [
            -64.291173,
            20.728891
        ],
        "type": "Point"
    },
    "id": "feature-std"
}

---------------------------------------------------
=== REQUEST ===
Time: 2026-08-17T14:22:17.807469
Method:
DELETE

Url:
https://api.mapbox.com/datasets/v1/mihaiqtr15/cmsx59e2qf6v21plgu6lo84vt?access_token=sk.eyJ1IjoibWloYWlxdHIxNSIsImEiOiJjbXNzMXI2eGswNWIyMnlxdXZleHQ4dmg4In0.ZzBaTBpQm7M3uiZzMf3VoA

path:
/datasets/v1/mihaiqtr15/cmsx59e2qf6v21plgu6lo84vt

access-token:
sk.eyJ1IjoibWloYWlxdHIxNSIsImEiOiJjbXNzMXI2eGswNWIyMnlxdXZleHQ4dmg4In0.ZzBaTBpQm7M3uiZzMf3VoA

query-params:
{access_token=sk.eyJ1IjoibWloYWlxdHIxNSIsImEiOiJjbXNzMXI2eGswNWIyMnlxdXZleHQ4dmg4In0.ZzBaTBpQm7M3uiZzMf3VoA}

Body:


=== RESPONSE ===
Status Code:
204

Body:


---------------------------------------------------
=== REQUEST ===
Time: 2026-08-17T14:22:17.815474900
Method:
PUT

Url:
https://api.mapbox.com/datasets/v1/mihaiqtr15/cmsx59e2e5sjj1pp93ash855d/features/feature-to-update?access_token=sk.eyJ1IjoibWloYWlxdHIxNSIsImEiOiJjbXNzMXI2eGswNWIyMnlxdXZleHQ4dmg4In0.ZzBaTBpQm7M3uiZzMf3VoA

path:
/datasets/v1/mihaiqtr15/cmsx59e2e5sjj1pp93ash855d/features/feature-to-update

access-token:
sk.eyJ1IjoibWloYWlxdHIxNSIsImEiOiJjbXNzMXI2eGswNWIyMnlxdXZleHQ4dmg4In0.ZzBaTBpQm7M3uiZzMf3VoA

query-params:
{access_token=sk.eyJ1IjoibWloYWlxdHIxNSIsImEiOiJjbXNzMXI2eGswNWIyMnlxdXZleHQ4dmg4In0.ZzBaTBpQm7M3uiZzMf3VoA}

Body:
{"id":"feature-to-update","type":"Feature","geometry":{"type":"Point","coordinates":[-116.96782,-10.393124]},"properties":{"name":"Port Chuckberg"}}

=== RESPONSE ===
Status Code:
200

Body:
{
    "type": "Feature",
    "properties": {
        "name": "Port Chuckberg"
    },
    "geometry": {
        "coordinates": [
            -116.96782,
            -10.393124
        ],
        "type": "Point"
    },
    "id": "feature-to-update"
}

---------------------------------------------------
=== REQUEST ===
Time: 2026-08-17T14:22:17.933511700
Method:
PUT

Url:
https://api.mapbox.com/datasets/v1/mihaiqtr15/cmsx59e2e5sjj1pp93ash855d/features/feature-to-update?access_token=sk.eyJ1IjoibWloYWlxdHIxNSIsImEiOiJjbXNzMXI2eGswNWIyMnlxdXZleHQ4dmg4In0.ZzBaTBpQm7M3uiZzMf3VoA

path:
/datasets/v1/mihaiqtr15/cmsx59e2e5sjj1pp93ash855d/features/feature-to-update

access-token:
sk.eyJ1IjoibWloYWlxdHIxNSIsImEiOiJjbXNzMXI2eGswNWIyMnlxdXZleHQ4dmg4In0.ZzBaTBpQm7M3uiZzMf3VoA

query-params:
{access_token=sk.eyJ1IjoibWloYWlxdHIxNSIsImEiOiJjbXNzMXI2eGswNWIyMnlxdXZleHQ4dmg4In0.ZzBaTBpQm7M3uiZzMf3VoA}

Body:
{"id":"feature-to-update","type":"Feature","geometry":{"type":"Point","coordinates":[-116.96782,-10.393124]},"properties":{"name":"Updated Location Name"}}

=== RESPONSE ===
Status Code:
200

Body:
{
    "type": "Feature",
    "properties": {
        "name": "Updated Location Name"
    },
    "geometry": {
        "coordinates": [
            -116.96782,
            -10.393124
        ],
        "type": "Point"
    },
    "id": "feature-to-update"
}

---------------------------------------------------
=== REQUEST ===
Time: 2026-08-17T14:22:18.091515200
Method:
DELETE

Url:
https://api.mapbox.com/datasets/v1/mihaiqtr15/cmsx59e2e5sjj1pp93ash855d?access_token=sk.eyJ1IjoibWloYWlxdHIxNSIsImEiOiJjbXNzMXI2eGswNWIyMnlxdXZleHQ4dmg4In0.ZzBaTBpQm7M3uiZzMf3VoA

path:
/datasets/v1/mihaiqtr15/cmsx59e2e5sjj1pp93ash855d

access-token:
sk.eyJ1IjoibWloYWlxdHIxNSIsImEiOiJjbXNzMXI2eGswNWIyMnlxdXZleHQ4dmg4In0.ZzBaTBpQm7M3uiZzMf3VoA

query-params:
{access_token=sk.eyJ1IjoibWloYWlxdHIxNSIsImEiOiJjbXNzMXI2eGswNWIyMnlxdXZleHQ4dmg4In0.ZzBaTBpQm7M3uiZzMf3VoA}

Body:


=== RESPONSE ===
Status Code:
204

Body:


---------------------------------------------------
=== REQUEST ===
Time: 2026-08-17T14:22:18.499843400
Method:
DELETE

Url:
https://api.mapbox.com/datasets/v1/mihaiqtr15/cmsx59e2p4x6f1osaicdaq7bk?access_token=sk.eyJ1IjoibWloYWlxdHIxNSIsImEiOiJjbXNzMXI2eGswNWIyMnlxdXZleHQ4dmg4In0.ZzBaTBpQm7M3uiZzMf3VoA

path:
/datasets/v1/mihaiqtr15/cmsx59e2p4x6f1osaicdaq7bk

access-token:
sk.eyJ1IjoibWloYWlxdHIxNSIsImEiOiJjbXNzMXI2eGswNWIyMnlxdXZleHQ4dmg4In0.ZzBaTBpQm7M3uiZzMf3VoA

query-params:
{access_token=sk.eyJ1IjoibWloYWlxdHIxNSIsImEiOiJjbXNzMXI2eGswNWIyMnlxdXZleHQ4dmg4In0.ZzBaTBpQm7M3uiZzMf3VoA}

Body:


=== RESPONSE ===
Status Code:
204

Body:


---------------------------------------------------
=== REQUEST ===
Time: 2026-08-17T14:22:18.647040200
Method:
POST

Url:
https://api.mapbox.com/datasets/v1/mihaiqtr15?access_token=sk.eyJ1IjoibWloYWlxdHIxNSIsImEiOiJjbXNzMXI2eGswNWIyMnlxdXZleHQ4dmg4In0.ZzBaTBpQm7M3uiZzMf3VoA

path:
/datasets/v1/mihaiqtr15

access-token:
sk.eyJ1IjoibWloYWlxdHIxNSIsImEiOiJjbXNzMXI2eGswNWIyMnlxdXZleHQ4dmg4In0.ZzBaTBpQm7M3uiZzMf3VoA

query-params:
{access_token=sk.eyJ1IjoibWloYWlxdHIxNSIsImEiOiJjbXNzMXI2eGswNWIyMnlxdXZleHQ4dmg4In0.ZzBaTBpQm7M3uiZzMf3VoA}

Body:
{"name":"Dataset 0356","description":"Generated by DataSeeder"}

=== RESPONSE ===
Status Code:
200

Body:
{
    "owner": "mihaiqtr15",
    "id": "cmsx59g3b1ahr1qjy71gvt12e",
    "name": "Dataset 0356",
    "description": "Generated by DataSeeder",
    "created": "2026-08-17T11:22:18.180Z",
    "modified": "2026-08-17T11:22:18.180Z",
    "features": 0,
    "size": 0,
    "bounds": [
        0,
        0,
        0,
        0
    ]
}

---------------------------------------------------
=== REQUEST ===
Time: 2026-08-17T14:22:18.794614300
Method:
PUT

Url:
https://api.mapbox.com/datasets/v1/mihaiqtr15/cmsx59g3b1ahr1qjy71gvt12e/features/feature-num?access_token=sk.eyJ1IjoibWloYWlxdHIxNSIsImEiOiJjbXNzMXI2eGswNWIyMnlxdXZleHQ4dmg4In0.ZzBaTBpQm7M3uiZzMf3VoA

path:
/datasets/v1/mihaiqtr15/cmsx59g3b1ahr1qjy71gvt12e/features/feature-num

access-token:
sk.eyJ1IjoibWloYWlxdHIxNSIsImEiOiJjbXNzMXI2eGswNWIyMnlxdXZleHQ4dmg4In0.ZzBaTBpQm7M3uiZzMf3VoA

query-params:
{access_token=sk.eyJ1IjoibWloYWlxdHIxNSIsImEiOiJjbXNzMXI2eGswNWIyMnlxdXZleHQ4dmg4In0.ZzBaTBpQm7M3uiZzMf3VoA}

Body:
{"id":"feature-num","type":"Feature","geometry":{"type":"Point","coordinates":[76.881849,15.413167]},"properties":{"name":"Location with numbers 123"}}

=== RESPONSE ===
Status Code:
200

Body:
{
    "type": "Feature",
    "properties": {
        "name": "Location with numbers 123"
    },
    "geometry": {
        "coordinates": [
            76.881849,
            15.413167
        ],
        "type": "Point"
    },
    "id": "feature-num"
}

---------------------------------------------------
=== REQUEST ===
Time: 2026-08-17T14:22:18.975618800
Method:
DELETE

Url:
https://api.mapbox.com/datasets/v1/mihaiqtr15/cmsx59g3b1ahr1qjy71gvt12e?access_token=sk.eyJ1IjoibWloYWlxdHIxNSIsImEiOiJjbXNzMXI2eGswNWIyMnlxdXZleHQ4dmg4In0.ZzBaTBpQm7M3uiZzMf3VoA

path:
/datasets/v1/mihaiqtr15/cmsx59g3b1ahr1qjy71gvt12e

access-token:
sk.eyJ1IjoibWloYWlxdHIxNSIsImEiOiJjbXNzMXI2eGswNWIyMnlxdXZleHQ4dmg4In0.ZzBaTBpQm7M3uiZzMf3VoA

query-params:
{access_token=sk.eyJ1IjoibWloYWlxdHIxNSIsImEiOiJjbXNzMXI2eGswNWIyMnlxdXZleHQ4dmg4In0.ZzBaTBpQm7M3uiZzMf3VoA}

Body:


=== RESPONSE ===
Status Code:
204

Body:


---------------------------------------------------
=== REQUEST ===
Time: 2026-08-17T14:22:19.125616400
Method:
POST

Url:
https://api.mapbox.com/datasets/v1/mihaiqtr15?access_token=sk.eyJ1IjoibWloYWlxdHIxNSIsImEiOiJjbXNzMXI2eGswNWIyMnlxdXZleHQ4dmg4In0.ZzBaTBpQm7M3uiZzMf3VoA

path:
/datasets/v1/mihaiqtr15

access-token:
sk.eyJ1IjoibWloYWlxdHIxNSIsImEiOiJjbXNzMXI2eGswNWIyMnlxdXZleHQ4dmg4In0.ZzBaTBpQm7M3uiZzMf3VoA

query-params:
{access_token=sk.eyJ1IjoibWloYWlxdHIxNSIsImEiOiJjbXNzMXI2eGswNWIyMnlxdXZleHQ4dmg4In0.ZzBaTBpQm7M3uiZzMf3VoA}

Body:
{"name":"Dataset 8238","description":"Generated by DataSeeder"}

=== RESPONSE ===
Status Code:
200

Body:
{
    "owner": "mihaiqtr15",
    "id": "cmsx59ggrf6vm1okavpk4alh5",
    "name": "Dataset 8238",
    "description": "Generated by DataSeeder",
    "created": "2026-08-17T11:22:18.662Z",
    "modified": "2026-08-17T11:22:18.662Z",
    "features": 0,
    "size": 0,
    "bounds": [
        0,
        0,
        0,
        0
    ]
}

---------------------------------------------------
=== REQUEST ===
Time: 2026-08-17T14:22:19.253402400
Method:
PUT

Url:
https://api.mapbox.com/datasets/v1/mihaiqtr15/cmsx59ggrf6vm1okavpk4alh5/features/feature-special?access_token=sk.eyJ1IjoibWloYWlxdHIxNSIsImEiOiJjbXNzMXI2eGswNWIyMnlxdXZleHQ4dmg4In0.ZzBaTBpQm7M3uiZzMf3VoA

path:
/datasets/v1/mihaiqtr15/cmsx59ggrf6vm1okavpk4alh5/features/feature-special

access-token:
sk.eyJ1IjoibWloYWlxdHIxNSIsImEiOiJjbXNzMXI2eGswNWIyMnlxdXZleHQ4dmg4In0.ZzBaTBpQm7M3uiZzMf3VoA

query-params:
{access_token=sk.eyJ1IjoibWloYWlxdHIxNSIsImEiOiJjbXNzMXI2eGswNWIyMnlxdXZleHQ4dmg4In0.ZzBaTBpQm7M3uiZzMf3VoA}

Body:
{"id":"feature-special","type":"Feature","geometry":{"type":"Point","coordinates":[116.40207,21.793418]},"properties":{"name":"Special Chars !@#$%"}}

=== RESPONSE ===
Status Code:
200

Body:
{
    "type": "Feature",
    "properties": {
        "name": "Special Chars !@#$%"
    },
    "geometry": {
        "coordinates": [
            116.40207,
            21.793418
        ],
        "type": "Point"
    },
    "id": "feature-special"
}

---------------------------------------------------
=== REQUEST ===
Time: 2026-08-17T14:22:19.416394800
Method:
DELETE

Url:
https://api.mapbox.com/datasets/v1/mihaiqtr15/cmsx59ggrf6vm1okavpk4alh5?access_token=sk.eyJ1IjoibWloYWlxdHIxNSIsImEiOiJjbXNzMXI2eGswNWIyMnlxdXZleHQ4dmg4In0.ZzBaTBpQm7M3uiZzMf3VoA

path:
/datasets/v1/mihaiqtr15/cmsx59ggrf6vm1okavpk4alh5

access-token:
sk.eyJ1IjoibWloYWlxdHIxNSIsImEiOiJjbXNzMXI2eGswNWIyMnlxdXZleHQ4dmg4In0.ZzBaTBpQm7M3uiZzMf3VoA

query-params:
{access_token=sk.eyJ1IjoibWloYWlxdHIxNSIsImEiOiJjbXNzMXI2eGswNWIyMnlxdXZleHQ4dmg4In0.ZzBaTBpQm7M3uiZzMf3VoA}

Body:


=== RESPONSE ===
Status Code:
204

Body:


---------------------------------------------------
=== REQUEST ===
Time: 2026-08-17T14:55:01.394573400
Method:
POST

Url:
https://api.mapbox.com/datasets/v1/mihaiqtr15?access_token=sk.eyJ1IjoibWloYWlxdHIxNSIsImEiOiJjbXNzMXI2eGswNWIyMnlxdXZleHQ4dmg4In0.ZzBaTBpQm7M3uiZzMf3VoA

path:
/datasets/v1/mihaiqtr15

access-token:
sk.eyJ1IjoibWloYWlxdHIxNSIsImEiOiJjbXNzMXI2eGswNWIyMnlxdXZleHQ4dmg4In0.ZzBaTBpQm7M3uiZzMf3VoA

query-params:
{access_token=sk.eyJ1IjoibWloYWlxdHIxNSIsImEiOiJjbXNzMXI2eGswNWIyMnlxdXZleHQ4dmg4In0.ZzBaTBpQm7M3uiZzMf3VoA}

Body:
{"name":"Dataset 9690","description":"Generated by DataSeeder"}

=== RESPONSE ===
Status Code:
200

Body:
{
    "owner": "mihaiqtr15",
    "id": "cmsx6fike01bh1oqyu17s9199",
    "name": "Dataset 9690",
    "description": "Generated by DataSeeder",
    "created": "2026-08-17T11:55:00.942Z",
    "modified": "2026-08-17T11:55:00.942Z",
    "features": 0,
    "size": 0,
    "bounds": [
        0,
        0,
        0,
        0
    ]
}

---------------------------------------------------
=== REQUEST ===
Time: 2026-08-17T14:55:01.396576
Method:
POST

Url:
https://api.mapbox.com/datasets/v1/mihaiqtr15?access_token=sk.eyJ1IjoibWloYWlxdHIxNSIsImEiOiJjbXNzMXI2eGswNWIyMnlxdXZleHQ4dmg4In0.ZzBaTBpQm7M3uiZzMf3VoA

path:
/datasets/v1/mihaiqtr15

access-token:
sk.eyJ1IjoibWloYWlxdHIxNSIsImEiOiJjbXNzMXI2eGswNWIyMnlxdXZleHQ4dmg4In0.ZzBaTBpQm7M3uiZzMf3VoA

query-params:
{access_token=sk.eyJ1IjoibWloYWlxdHIxNSIsImEiOiJjbXNzMXI2eGswNWIyMnlxdXZleHQ4dmg4In0.ZzBaTBpQm7M3uiZzMf3VoA}

Body:
{"name":"Dataset 2820","description":"Generated by DataSeeder"}

=== RESPONSE ===
Status Code:
200

Body:
{
    "owner": "mihaiqtr15",
    "id": "cmsx6fijz03sd1ps3rpae0h1f",
    "name": "Dataset 2820",
    "description": "Generated by DataSeeder",
    "created": "2026-08-17T11:55:00.929Z",
    "modified": "2026-08-17T11:55:00.929Z",
    "features": 0,
    "size": 0,
    "bounds": [
        0,
        0,
        0,
        0
    ]
}

---------------------------------------------------
=== REQUEST ===
Time: 2026-08-17T14:55:01.413566900
Method:
POST

Url:
https://api.mapbox.com/datasets/v1/mihaiqtr15?access_token=sk.eyJ1IjoibWloYWlxdHIxNSIsImEiOiJjbXNzMXI2eGswNWIyMnlxdXZleHQ4dmg4In0.ZzBaTBpQm7M3uiZzMf3VoA

path:
/datasets/v1/mihaiqtr15

access-token:
sk.eyJ1IjoibWloYWlxdHIxNSIsImEiOiJjbXNzMXI2eGswNWIyMnlxdXZleHQ4dmg4In0.ZzBaTBpQm7M3uiZzMf3VoA

query-params:
{access_token=sk.eyJ1IjoibWloYWlxdHIxNSIsImEiOiJjbXNzMXI2eGswNWIyMnlxdXZleHQ4dmg4In0.ZzBaTBpQm7M3uiZzMf3VoA}

Body:
{"name":"Dataset 0742","description":"Generated by DataSeeder"}

=== RESPONSE ===
Status Code:
200

Body:
{
    "owner": "mihaiqtr15",
    "id": "cmsx6filfdyhp1ooh3nwuvrm1",
    "name": "Dataset 0742",
    "description": "Generated by DataSeeder",
    "created": "2026-08-17T11:55:00.980Z",
    "modified": "2026-08-17T11:55:00.980Z",
    "features": 0,
    "size": 0,
    "bounds": [
        0,
        0,
        0,
        0
    ]
}

---------------------------------------------------
=== REQUEST ===
Time: 2026-08-17T14:55:01.420572900
Method:
POST

Url:
https://api.mapbox.com/datasets/v1/mihaiqtr15?access_token=sk.eyJ1IjoibWloYWlxdHIxNSIsImEiOiJjbXNzMXI2eGswNWIyMnlxdXZleHQ4dmg4In0.ZzBaTBpQm7M3uiZzMf3VoA

path:
/datasets/v1/mihaiqtr15

access-token:
sk.eyJ1IjoibWloYWlxdHIxNSIsImEiOiJjbXNzMXI2eGswNWIyMnlxdXZleHQ4dmg4In0.ZzBaTBpQm7M3uiZzMf3VoA

query-params:
{access_token=sk.eyJ1IjoibWloYWlxdHIxNSIsImEiOiJjbXNzMXI2eGswNWIyMnlxdXZleHQ4dmg4In0.ZzBaTBpQm7M3uiZzMf3VoA}

Body:
{"name":"Dataset 9410","description":"Generated by DataSeeder"}

=== RESPONSE ===
Status Code:
200

Body:
{
    "owner": "mihaiqtr15",
    "id": "cmsx6fijx1ahd1pjync9jeszr",
    "name": "Dataset 9410",
    "description": "Generated by DataSeeder",
    "created": "2026-08-17T11:55:00.929Z",
    "modified": "2026-08-17T11:55:00.929Z",
    "features": 0,
    "size": 0,
    "bounds": [
        0,
        0,
        0,
        0
    ]
}

---------------------------------------------------
=== REQUEST ===
Time: 2026-08-17T14:55:01.421578300
Method:
POST

Url:
https://api.mapbox.com/datasets/v1/mihaiqtr15?access_token=sk.eyJ1IjoibWloYWlxdHIxNSIsImEiOiJjbXNzMXI2eGswNWIyMnlxdXZleHQ4dmg4In0.ZzBaTBpQm7M3uiZzMf3VoA

path:
/datasets/v1/mihaiqtr15

access-token:
sk.eyJ1IjoibWloYWlxdHIxNSIsImEiOiJjbXNzMXI2eGswNWIyMnlxdXZleHQ4dmg4In0.ZzBaTBpQm7M3uiZzMf3VoA

query-params:
{access_token=sk.eyJ1IjoibWloYWlxdHIxNSIsImEiOiJjbXNzMXI2eGswNWIyMnlxdXZleHQ4dmg4In0.ZzBaTBpQm7M3uiZzMf3VoA}

Body:
{"name":"Dataset 3916","description":"Generated by DataSeeder"}

=== RESPONSE ===
Status Code:
200

Body:
{
    "owner": "mihaiqtr15",
    "id": "cmsx6fikq0uu01qpaurn1aj3x",
    "name": "Dataset 3916",
    "description": "Generated by DataSeeder",
    "created": "2026-08-17T11:55:00.954Z",
    "modified": "2026-08-17T11:55:00.954Z",
    "features": 0,
    "size": 0,
    "bounds": [
        0,
        0,
        0,
        0
    ]
}

---------------------------------------------------
=== REQUEST ===
Time: 2026-08-17T14:55:02.903399200
Method:
PATCH

Url:
https://api.mapbox.com/datasets/v1/mihaiqtr15/cmsx6filfdyhp1ooh3nwuvrm1?access_token=sk.eyJ1IjoibWloYWlxdHIxNSIsImEiOiJjbXNzMXI2eGswNWIyMnlxdXZleHQ4dmg4In0.ZzBaTBpQm7M3uiZzMf3VoA

path:
/datasets/v1/mihaiqtr15/cmsx6filfdyhp1ooh3nwuvrm1

access-token:
sk.eyJ1IjoibWloYWlxdHIxNSIsImEiOiJjbXNzMXI2eGswNWIyMnlxdXZleHQ4dmg4In0.ZzBaTBpQm7M3uiZzMf3VoA

query-params:
{access_token=sk.eyJ1IjoibWloYWlxdHIxNSIsImEiOiJjbXNzMXI2eGswNWIyMnlxdXZleHQ4dmg4In0.ZzBaTBpQm7M3uiZzMf3VoA}

Body:
{"name":"Patched Dataset Name","description":"Patched description"}

=== RESPONSE ===
Status Code:
200

Body:
{
    "owner": "mihaiqtr15",
    "id": "cmsx6filfdyhp1ooh3nwuvrm1",
    "name": "Patched Dataset Name",
    "description": "Patched description",
    "created": "2026-08-17T11:55:00.980Z",
    "modified": "2026-08-17T11:55:02.476Z",
    "features": 0,
    "size": 0,
    "bounds": [
        0,
        0,
        0,
        0
    ]
}

---------------------------------------------------
=== REQUEST ===
Time: 2026-08-17T14:55:03.115376700
Method:
DELETE

Url:
https://api.mapbox.com/datasets/v1/mihaiqtr15/cmsx6filfdyhp1ooh3nwuvrm1?access_token=sk.eyJ1IjoibWloYWlxdHIxNSIsImEiOiJjbXNzMXI2eGswNWIyMnlxdXZleHQ4dmg4In0.ZzBaTBpQm7M3uiZzMf3VoA

path:
/datasets/v1/mihaiqtr15/cmsx6filfdyhp1ooh3nwuvrm1

access-token:
sk.eyJ1IjoibWloYWlxdHIxNSIsImEiOiJjbXNzMXI2eGswNWIyMnlxdXZleHQ4dmg4In0.ZzBaTBpQm7M3uiZzMf3VoA

query-params:
{access_token=sk.eyJ1IjoibWloYWlxdHIxNSIsImEiOiJjbXNzMXI2eGswNWIyMnlxdXZleHQ4dmg4In0.ZzBaTBpQm7M3uiZzMf3VoA}

Body:


=== RESPONSE ===
Status Code:
204

Body:


---------------------------------------------------
=== REQUEST ===
Time: 2026-08-17T14:55:03.183427300
Method:
PUT

Url:
https://api.mapbox.com/datasets/v1/mihaiqtr15/cmsx6fikq0uu01qpaurn1aj3x/features/feature-to-update?access_token=sk.eyJ1IjoibWloYWlxdHIxNSIsImEiOiJjbXNzMXI2eGswNWIyMnlxdXZleHQ4dmg4In0.ZzBaTBpQm7M3uiZzMf3VoA

path:
/datasets/v1/mihaiqtr15/cmsx6fikq0uu01qpaurn1aj3x/features/feature-to-update

access-token:
sk.eyJ1IjoibWloYWlxdHIxNSIsImEiOiJjbXNzMXI2eGswNWIyMnlxdXZleHQ4dmg4In0.ZzBaTBpQm7M3uiZzMf3VoA

query-params:
{access_token=sk.eyJ1IjoibWloYWlxdHIxNSIsImEiOiJjbXNzMXI2eGswNWIyMnlxdXZleHQ4dmg4In0.ZzBaTBpQm7M3uiZzMf3VoA}

Body:
{"id":"feature-to-update","type":"Feature","geometry":{"type":"Point","coordinates":[86.903769,53.097854]},"properties":{"name":"Marnieberg"}}

=== RESPONSE ===
Status Code:
200

Body:
{
    "type": "Feature",
    "properties": {
        "name": "Marnieberg"
    },
    "geometry": {
        "coordinates": [
            86.903769,
            53.097854
        ],
        "type": "Point"
    },
    "id": "feature-to-update"
}

---------------------------------------------------
=== REQUEST ===
Time: 2026-08-17T14:55:03.189423100
Method:
PUT

Url:
https://api.mapbox.com/datasets/v1/mihaiqtr15/cmsx6fijx1ahd1pjync9jeszr/features/feature-std?access_token=sk.eyJ1IjoibWloYWlxdHIxNSIsImEiOiJjbXNzMXI2eGswNWIyMnlxdXZleHQ4dmg4In0.ZzBaTBpQm7M3uiZzMf3VoA

path:
/datasets/v1/mihaiqtr15/cmsx6fijx1ahd1pjync9jeszr/features/feature-std

access-token:
sk.eyJ1IjoibWloYWlxdHIxNSIsImEiOiJjbXNzMXI2eGswNWIyMnlxdXZleHQ4dmg4In0.ZzBaTBpQm7M3uiZzMf3VoA

query-params:
{access_token=sk.eyJ1IjoibWloYWlxdHIxNSIsImEiOiJjbXNzMXI2eGswNWIyMnlxdXZleHQ4dmg4In0.ZzBaTBpQm7M3uiZzMf3VoA}

Body:
{"id":"feature-std","type":"Feature","geometry":{"type":"Point","coordinates":[-6.2860198,-31.142021]},"properties":{"name":"Standard Location"}}

=== RESPONSE ===
Status Code:
200

Body:
{
    "type": "Feature",
    "properties": {
        "name": "Standard Location"
    },
    "geometry": {
        "coordinates": [
            -6.286019,
            -31.142021
        ],
        "type": "Point"
    },
    "id": "feature-std"
}

---------------------------------------------------
=== REQUEST ===
Time: 2026-08-17T14:55:03.246433700
Method:
PUT

Url:
https://api.mapbox.com/datasets/v1/mihaiqtr15/cmsx6fike01bh1oqyu17s9199/features/feature-invalid?access_token=sk.eyJ1IjoibWloYWlxdHIxNSIsImEiOiJjbXNzMXI2eGswNWIyMnlxdXZleHQ4dmg4In0.ZzBaTBpQm7M3uiZzMf3VoA&access_token=invalid_token_123

path:
/datasets/v1/mihaiqtr15/cmsx6fike01bh1oqyu17s9199/features/feature-invalid

access-token:
[sk.eyJ1IjoibWloYWlxdHIxNSIsImEiOiJjbXNzMXI2eGswNWIyMnlxdXZleHQ4dmg4In0.ZzBaTBpQm7M3uiZzMf3VoA, invalid_token_123]

query-params:
{access_token=[sk.eyJ1IjoibWloYWlxdHIxNSIsImEiOiJjbXNzMXI2eGswNWIyMnlxdXZleHQ4dmg4In0.ZzBaTBpQm7M3uiZzMf3VoA, invalid_token_123]}

Body:
{"id":"feature-invalid","type":"Feature","geometry":{"type":"Point","coordinates":[-51.657419,52.123475]},"properties":{"name":"East Iraland"}}

=== RESPONSE ===
Status Code:
401

Body:
{
    "message": "Not Authorized - Invalid Token"
}

---------------------------------------------------
=== REQUEST ===
Time: 2026-08-17T14:55:03.300421100
Method:
PUT

Url:
https://api.mapbox.com/datasets/v1/mihaiqtr15/cmsx6fijz03sd1ps3rpae0h1f/features/feature-304?access_token=sk.eyJ1IjoibWloYWlxdHIxNSIsImEiOiJjbXNzMXI2eGswNWIyMnlxdXZleHQ4dmg4In0.ZzBaTBpQm7M3uiZzMf3VoA

path:
/datasets/v1/mihaiqtr15/cmsx6fijz03sd1ps3rpae0h1f/features/feature-304

access-token:
sk.eyJ1IjoibWloYWlxdHIxNSIsImEiOiJjbXNzMXI2eGswNWIyMnlxdXZleHQ4dmg4In0.ZzBaTBpQm7M3uiZzMf3VoA

query-params:
{access_token=sk.eyJ1IjoibWloYWlxdHIxNSIsImEiOiJjbXNzMXI2eGswNWIyMnlxdXZleHQ4dmg4In0.ZzBaTBpQm7M3uiZzMf3VoA}

Body:
{"id":"feature-304","type":"Feature","geometry":{"type":"Point","coordinates":[40.574569,49.736018]},"properties":{"name":"Micahstad"}}

=== RESPONSE ===
Status Code:
200

Body:
{
    "type": "Feature",
    "properties": {
        "name": "Micahstad"
    },
    "geometry": {
        "coordinates": [
            40.574569,
            49.736018
        ],
        "type": "Point"
    },
    "id": "feature-304"
}

---------------------------------------------------
=== REQUEST ===
Time: 2026-08-17T14:55:03.331421800
Method:
PUT

Url:
https://api.mapbox.com/datasets/v1/mihaiqtr15/cmsx6fikq0uu01qpaurn1aj3x/features/feature-to-update?access_token=sk.eyJ1IjoibWloYWlxdHIxNSIsImEiOiJjbXNzMXI2eGswNWIyMnlxdXZleHQ4dmg4In0.ZzBaTBpQm7M3uiZzMf3VoA

path:
/datasets/v1/mihaiqtr15/cmsx6fikq0uu01qpaurn1aj3x/features/feature-to-update

access-token:
sk.eyJ1IjoibWloYWlxdHIxNSIsImEiOiJjbXNzMXI2eGswNWIyMnlxdXZleHQ4dmg4In0.ZzBaTBpQm7M3uiZzMf3VoA

query-params:
{access_token=sk.eyJ1IjoibWloYWlxdHIxNSIsImEiOiJjbXNzMXI2eGswNWIyMnlxdXZleHQ4dmg4In0.ZzBaTBpQm7M3uiZzMf3VoA}

Body:
{"id":"feature-to-update","type":"Feature","geometry":{"type":"Point","coordinates":[86.903769,53.097854]},"properties":{"name":"Updated Location Name"}}

=== RESPONSE ===
Status Code:
200

Body:
{
    "type": "Feature",
    "properties": {
        "name": "Updated Location Name"
    },
    "geometry": {
        "coordinates": [
            86.903769,
            53.097854
        ],
        "type": "Point"
    },
    "id": "feature-to-update"
}

---------------------------------------------------
=== REQUEST ===
Time: 2026-08-17T14:55:03.388423400
Method:
DELETE

Url:
https://api.mapbox.com/datasets/v1/mihaiqtr15/cmsx6fike01bh1oqyu17s9199?access_token=sk.eyJ1IjoibWloYWlxdHIxNSIsImEiOiJjbXNzMXI2eGswNWIyMnlxdXZleHQ4dmg4In0.ZzBaTBpQm7M3uiZzMf3VoA

path:
/datasets/v1/mihaiqtr15/cmsx6fike01bh1oqyu17s9199

access-token:
sk.eyJ1IjoibWloYWlxdHIxNSIsImEiOiJjbXNzMXI2eGswNWIyMnlxdXZleHQ4dmg4In0.ZzBaTBpQm7M3uiZzMf3VoA

query-params:
{access_token=sk.eyJ1IjoibWloYWlxdHIxNSIsImEiOiJjbXNzMXI2eGswNWIyMnlxdXZleHQ4dmg4In0.ZzBaTBpQm7M3uiZzMf3VoA}

Body:


=== RESPONSE ===
Status Code:
204

Body:


---------------------------------------------------
=== REQUEST ===
Time: 2026-08-17T14:55:03.471858100
Method:
GET

Url:
https://api.mapbox.com/datasets/v1/mihaiqtr15/cmsx6fijz03sd1ps3rpae0h1f/features/feature-304?access_token=sk.eyJ1IjoibWloYWlxdHIxNSIsImEiOiJjbXNzMXI2eGswNWIyMnlxdXZleHQ4dmg4In0.ZzBaTBpQm7M3uiZzMf3VoA

path:
/datasets/v1/mihaiqtr15/cmsx6fijz03sd1ps3rpae0h1f/features/feature-304

access-token:
sk.eyJ1IjoibWloYWlxdHIxNSIsImEiOiJjbXNzMXI2eGswNWIyMnlxdXZleHQ4dmg4In0.ZzBaTBpQm7M3uiZzMf3VoA

query-params:
{access_token=sk.eyJ1IjoibWloYWlxdHIxNSIsImEiOiJjbXNzMXI2eGswNWIyMnlxdXZleHQ4dmg4In0.ZzBaTBpQm7M3uiZzMf3VoA}

Body:


=== RESPONSE ===
Status Code:
304

Body:


---------------------------------------------------
=== REQUEST ===
Time: 2026-08-17T14:55:03.567907900
Method:
DELETE

Url:
https://api.mapbox.com/datasets/v1/mihaiqtr15/cmsx6fikq0uu01qpaurn1aj3x?access_token=sk.eyJ1IjoibWloYWlxdHIxNSIsImEiOiJjbXNzMXI2eGswNWIyMnlxdXZleHQ4dmg4In0.ZzBaTBpQm7M3uiZzMf3VoA

path:
/datasets/v1/mihaiqtr15/cmsx6fikq0uu01qpaurn1aj3x

access-token:
sk.eyJ1IjoibWloYWlxdHIxNSIsImEiOiJjbXNzMXI2eGswNWIyMnlxdXZleHQ4dmg4In0.ZzBaTBpQm7M3uiZzMf3VoA

query-params:
{access_token=sk.eyJ1IjoibWloYWlxdHIxNSIsImEiOiJjbXNzMXI2eGswNWIyMnlxdXZleHQ4dmg4In0.ZzBaTBpQm7M3uiZzMf3VoA}

Body:


=== RESPONSE ===
Status Code:
204

Body:


---------------------------------------------------
=== REQUEST ===
Time: 2026-08-17T14:55:03.627901700
Method:
DELETE

Url:
https://api.mapbox.com/datasets/v1/mihaiqtr15/cmsx6fijz03sd1ps3rpae0h1f?access_token=sk.eyJ1IjoibWloYWlxdHIxNSIsImEiOiJjbXNzMXI2eGswNWIyMnlxdXZleHQ4dmg4In0.ZzBaTBpQm7M3uiZzMf3VoA

path:
/datasets/v1/mihaiqtr15/cmsx6fijz03sd1ps3rpae0h1f

access-token:
sk.eyJ1IjoibWloYWlxdHIxNSIsImEiOiJjbXNzMXI2eGswNWIyMnlxdXZleHQ4dmg4In0.ZzBaTBpQm7M3uiZzMf3VoA

query-params:
{access_token=sk.eyJ1IjoibWloYWlxdHIxNSIsImEiOiJjbXNzMXI2eGswNWIyMnlxdXZleHQ4dmg4In0.ZzBaTBpQm7M3uiZzMf3VoA}

Body:


=== RESPONSE ===
Status Code:
204

Body:


---------------------------------------------------
=== REQUEST ===
Time: 2026-08-17T14:55:04.166374400
Method:
DELETE

Url:
https://api.mapbox.com/datasets/v1/mihaiqtr15/cmsx6fijx1ahd1pjync9jeszr?access_token=sk.eyJ1IjoibWloYWlxdHIxNSIsImEiOiJjbXNzMXI2eGswNWIyMnlxdXZleHQ4dmg4In0.ZzBaTBpQm7M3uiZzMf3VoA

path:
/datasets/v1/mihaiqtr15/cmsx6fijx1ahd1pjync9jeszr

access-token:
sk.eyJ1IjoibWloYWlxdHIxNSIsImEiOiJjbXNzMXI2eGswNWIyMnlxdXZleHQ4dmg4In0.ZzBaTBpQm7M3uiZzMf3VoA

query-params:
{access_token=sk.eyJ1IjoibWloYWlxdHIxNSIsImEiOiJjbXNzMXI2eGswNWIyMnlxdXZleHQ4dmg4In0.ZzBaTBpQm7M3uiZzMf3VoA}

Body:


=== RESPONSE ===
Status Code:
204

Body:


---------------------------------------------------
=== REQUEST ===
Time: 2026-08-17T14:55:04.319362200
Method:
POST

Url:
https://api.mapbox.com/datasets/v1/mihaiqtr15?access_token=sk.eyJ1IjoibWloYWlxdHIxNSIsImEiOiJjbXNzMXI2eGswNWIyMnlxdXZleHQ4dmg4In0.ZzBaTBpQm7M3uiZzMf3VoA

path:
/datasets/v1/mihaiqtr15

access-token:
sk.eyJ1IjoibWloYWlxdHIxNSIsImEiOiJjbXNzMXI2eGswNWIyMnlxdXZleHQ4dmg4In0.ZzBaTBpQm7M3uiZzMf3VoA

query-params:
{access_token=sk.eyJ1IjoibWloYWlxdHIxNSIsImEiOiJjbXNzMXI2eGswNWIyMnlxdXZleHQ4dmg4In0.ZzBaTBpQm7M3uiZzMf3VoA}

Body:
{"name":"Dataset 5725","description":"Generated by DataSeeder"}

=== RESPONSE ===
Status Code:
200

Body:
{
    "owner": "mihaiqtr15",
    "id": "cmsx6fkum0fv71oo0k0xjo45s",
    "name": "Dataset 5725",
    "description": "Generated by DataSeeder",
    "created": "2026-08-17T11:55:03.899Z",
    "modified": "2026-08-17T11:55:03.899Z",
    "features": 0,
    "size": 0,
    "bounds": [
        0,
        0,
        0,
        0
    ]
}

---------------------------------------------------
=== REQUEST ===
Time: 2026-08-17T14:55:04.450734700
Method:
PUT

Url:
https://api.mapbox.com/datasets/v1/mihaiqtr15/cmsx6fkum0fv71oo0k0xjo45s/features/feature-num?access_token=sk.eyJ1IjoibWloYWlxdHIxNSIsImEiOiJjbXNzMXI2eGswNWIyMnlxdXZleHQ4dmg4In0.ZzBaTBpQm7M3uiZzMf3VoA

path:
/datasets/v1/mihaiqtr15/cmsx6fkum0fv71oo0k0xjo45s/features/feature-num

access-token:
sk.eyJ1IjoibWloYWlxdHIxNSIsImEiOiJjbXNzMXI2eGswNWIyMnlxdXZleHQ4dmg4In0.ZzBaTBpQm7M3uiZzMf3VoA

query-params:
{access_token=sk.eyJ1IjoibWloYWlxdHIxNSIsImEiOiJjbXNzMXI2eGswNWIyMnlxdXZleHQ4dmg4In0.ZzBaTBpQm7M3uiZzMf3VoA}

Body:
{"id":"feature-num","type":"Feature","geometry":{"type":"Point","coordinates":[73.097925,-26.136527]},"properties":{"name":"Location with numbers 123"}}

=== RESPONSE ===
Status Code:
200

Body:
{
    "type": "Feature",
    "properties": {
        "name": "Location with numbers 123"
    },
    "geometry": {
        "coordinates": [
            73.097925,
            -26.136527
        ],
        "type": "Point"
    },
    "id": "feature-num"
}

---------------------------------------------------
=== REQUEST ===
Time: 2026-08-17T14:55:04.649875400
Method:
DELETE

Url:
https://api.mapbox.com/datasets/v1/mihaiqtr15/cmsx6fkum0fv71oo0k0xjo45s?access_token=sk.eyJ1IjoibWloYWlxdHIxNSIsImEiOiJjbXNzMXI2eGswNWIyMnlxdXZleHQ4dmg4In0.ZzBaTBpQm7M3uiZzMf3VoA

path:
/datasets/v1/mihaiqtr15/cmsx6fkum0fv71oo0k0xjo45s

access-token:
sk.eyJ1IjoibWloYWlxdHIxNSIsImEiOiJjbXNzMXI2eGswNWIyMnlxdXZleHQ4dmg4In0.ZzBaTBpQm7M3uiZzMf3VoA

query-params:
{access_token=sk.eyJ1IjoibWloYWlxdHIxNSIsImEiOiJjbXNzMXI2eGswNWIyMnlxdXZleHQ4dmg4In0.ZzBaTBpQm7M3uiZzMf3VoA}

Body:


=== RESPONSE ===
Status Code:
204

Body:


---------------------------------------------------
=== REQUEST ===
Time: 2026-08-17T14:55:04.827879900
Method:
POST

Url:
https://api.mapbox.com/datasets/v1/mihaiqtr15?access_token=sk.eyJ1IjoibWloYWlxdHIxNSIsImEiOiJjbXNzMXI2eGswNWIyMnlxdXZleHQ4dmg4In0.ZzBaTBpQm7M3uiZzMf3VoA

path:
/datasets/v1/mihaiqtr15

access-token:
sk.eyJ1IjoibWloYWlxdHIxNSIsImEiOiJjbXNzMXI2eGswNWIyMnlxdXZleHQ4dmg4In0.ZzBaTBpQm7M3uiZzMf3VoA

query-params:
{access_token=sk.eyJ1IjoibWloYWlxdHIxNSIsImEiOiJjbXNzMXI2eGswNWIyMnlxdXZleHQ4dmg4In0.ZzBaTBpQm7M3uiZzMf3VoA}

Body:
{"name":"Dataset 5020","description":"Generated by DataSeeder"}

=== RESPONSE ===
Status Code:
200

Body:
{
    "owner": "mihaiqtr15",
    "id": "cmsx6fl8kf70h1olg5tnye4wd",
    "name": "Dataset 5020",
    "description": "Generated by DataSeeder",
    "created": "2026-08-17T11:55:04.405Z",
    "modified": "2026-08-17T11:55:04.405Z",
    "features": 0,
    "size": 0,
    "bounds": [
        0,
        0,
        0,
        0
    ]
}

---------------------------------------------------
=== REQUEST ===
Time: 2026-08-17T14:55:04.951408900
Method:
PUT

Url:
https://api.mapbox.com/datasets/v1/mihaiqtr15/cmsx6fl8kf70h1olg5tnye4wd/features/feature-special?access_token=sk.eyJ1IjoibWloYWlxdHIxNSIsImEiOiJjbXNzMXI2eGswNWIyMnlxdXZleHQ4dmg4In0.ZzBaTBpQm7M3uiZzMf3VoA

path:
/datasets/v1/mihaiqtr15/cmsx6fl8kf70h1olg5tnye4wd/features/feature-special

access-token:
sk.eyJ1IjoibWloYWlxdHIxNSIsImEiOiJjbXNzMXI2eGswNWIyMnlxdXZleHQ4dmg4In0.ZzBaTBpQm7M3uiZzMf3VoA

query-params:
{access_token=sk.eyJ1IjoibWloYWlxdHIxNSIsImEiOiJjbXNzMXI2eGswNWIyMnlxdXZleHQ4dmg4In0.ZzBaTBpQm7M3uiZzMf3VoA}

Body:
{"id":"feature-special","type":"Feature","geometry":{"type":"Point","coordinates":[91.616595,-22.626846]},"properties":{"name":"Special Chars !@#$%"}}

=== RESPONSE ===
Status Code:
200

Body:
{
    "type": "Feature",
    "properties": {
        "name": "Special Chars !@#$%"
    },
    "geometry": {
        "coordinates": [
            91.616595,
            -22.626846
        ],
        "type": "Point"
    },
    "id": "feature-special"
}

---------------------------------------------------
=== REQUEST ===
Time: 2026-08-17T14:55:05.161996300
Method:
DELETE

Url:
https://api.mapbox.com/datasets/v1/mihaiqtr15/cmsx6fl8kf70h1olg5tnye4wd?access_token=sk.eyJ1IjoibWloYWlxdHIxNSIsImEiOiJjbXNzMXI2eGswNWIyMnlxdXZleHQ4dmg4In0.ZzBaTBpQm7M3uiZzMf3VoA

path:
/datasets/v1/mihaiqtr15/cmsx6fl8kf70h1olg5tnye4wd

access-token:
sk.eyJ1IjoibWloYWlxdHIxNSIsImEiOiJjbXNzMXI2eGswNWIyMnlxdXZleHQ4dmg4In0.ZzBaTBpQm7M3uiZzMf3VoA

query-params:
{access_token=sk.eyJ1IjoibWloYWlxdHIxNSIsImEiOiJjbXNzMXI2eGswNWIyMnlxdXZleHQ4dmg4In0.ZzBaTBpQm7M3uiZzMf3VoA}

Body:


=== RESPONSE ===
Status Code:
204

Body:


---------------------------------------------------
